2013-SU-Semaine-50-0000100;Croisettes;87120;Vennes;87181
2013-SU-Semaine-50-0000100;Vennes;87209;Fourmi;87293
2013-SU-Semaine-50-0000100;Fourmi;87316;Sallaz;87417
2013-SU-Semaine-50-0000100;Sallaz;87448;CHUV;87538
2013-SU-Semaine-50-0000100;CHUV;87561;Ours;87647
2013-SU-Semaine-50-0000100;Ours;87674;Bessières;87744
2013-SU-Semaine-50-0000100;Bessières;87767;Riponne-M. Béjart;87830
2013-SU-Semaine-50-0000100;Riponne-M. Béjart;87860;Lausanne-Flon;87926
2013-SU-Semaine-50-0000100;Lausanne-Flon;87961;Lausanne-Gare;88021
2013-SU-Semaine-50-0000100;Lausanne-Gare;88056;Grancy;88137
2013-SU-Semaine-50-0000100;Grancy;88160;Délices;88208
2013-SU-Semaine-50-0000100;Délices;88231;Jordils;88273
2013-SU-Semaine-50-0000100;Jordils;88296;Ouchy;88363
2013-SU-Semaine-50-0000100;Ouchy;87207;Jordils;87270
2013-SU-Semaine-50-0000100;Jordils;87293;Délices;87333
2013-SU-Semaine-50-0000100;Délices;87356;Grancy;87406
2013-SU-Semaine-50-0000100;Grancy;87433;Lausanne-Gare;87487
2013-SU-Semaine-50-0000100;Lausanne-Gare;87522;Lausanne-Flon;87568
2013-SU-Semaine-50-0000100;Lausanne-Flon;87603;Riponne-M. Béjart;87678
2013-SU-Semaine-50-0000100;Riponne-M. Béjart;87708;Bessières;87775
2013-SU-Semaine-50-0000100;Bessières;87802;Ours;87864
2013-SU-Semaine-50-0000100;Ours;87887;CHUV;87954
2013-SU-Semaine-50-0000100;CHUV;87984;Sallaz;88068
2013-SU-Semaine-50-0000100;Sallaz;88100;Fourmi;88191
2013-SU-Semaine-50-0000100;Fourmi;88213;Vennes;88285
2013-SU-Semaine-50-0000100;Vennes;88312;Croisettes;88413
2013-SU-Semaine-50-0000100;Servion-Poste;84540;Grange Rouge;84540
2013-SU-Semaine-50-0000100;Grange Rouge;84540;Clos l'Auberge;84540
2013-SU-Semaine-50-0000100;Clos l'Auberge;84540;Essertes Pralet;84660
2013-SU-Semaine-50-0000100;Essertes Pralet;84660;Casard;84660
2013-SU-Semaine-50-0000100;Casard;84660;Forel;84900
2013-SU-Semaine-50-0000100;Forel;84900;Les Confréries;84900
2013-SU-Semaine-50-0000100;Les Confréries;84900;Chemin Rochettaz;84960
2013-SU-Semaine-50-0000100;Chemin Rochettaz;84960;Grenet;84960
2013-SU-Semaine-50-0000100;Grenet;84960;Bourg-Pilettes;85020
2013-SU-Semaine-50-0000100;Bourg-Pilettes;85020;Talliaz;85020
2013-SU-Semaine-50-0000100;Talliaz;85020;Mollie-Margot;85140
2013-SU-Semaine-50-0000100;Mollie-Margot;85140;Grange-la-Ville;85140
2013-SU-Semaine-50-0000100;Grange-la-Ville;85140;Clair-Matin;85200
2013-SU-Semaine-50-0000100;Clair-Matin;85200;St-Amour;85200
2013-SU-Semaine-50-0000100;St-Amour;85200;Crêt-Rouge;85260
2013-SU-Semaine-50-0000100;Crêt-Rouge;85260;Palaz;85320
2013-SU-Semaine-50-0000100;Palaz;85320;Savigny;85440
2013-SU-Semaine-50-0000100;Savigny;85440;Ancienne Poste;85440
2013-SU-Semaine-50-0000100;Ancienne Poste;85440;Publoz;85500
2013-SU-Semaine-50-0000100;Publoz;85500;Claie-Moines;85620
2013-SU-Semaine-50-0000100;Claie-Moines;85620;Ravessoud;85620
2013-SU-Semaine-50-0000100;Ravessoud;85620;Monts-de-Pully;85680
2013-SU-Semaine-50-0000100;Monts-de-Pully;85680;Trois Chasseurs;85680
2013-SU-Semaine-50-0000100;Trois Chasseurs;85680;Montblesson;85740
2013-SU-Semaine-50-0000100;Montblesson;85740;Rovéréaz;85800
2013-SU-Semaine-50-0000100;Rovéréaz;85800;Foyer;85920
2013-SU-Semaine-50-0000100;Foyer;85920;Valmont;85920
2013-SU-Semaine-50-0000100;Valmont;85920;St-Etienne;86040
2013-SU-Semaine-50-0000100;St-Etienne;86040;Sallaz;86160
2013-SU-Semaine-50-0000100;Renens-Gare nord;76020;Jura;76140
2013-SU-Semaine-50-0000100;Jura;76140;Zinguerie;76140
2013-SU-Semaine-50-0000100;Zinguerie;76140;Marcolet;76260
2013-SU-Semaine-50-0000100;Marcolet;76260;Mongevon;76320
2013-SU-Semaine-50-0000100;Mongevon;76320;Closalet;76500
2013-SU-Semaine-50-0000100;Ouchy;87657;Jordils;87720
2013-SU-Semaine-50-0000100;Jordils;87743;Délices;87783
2013-SU-Semaine-50-0000100;Délices;87806;Grancy;87856
2013-SU-Semaine-50-0000100;Grancy;87883;Lausanne-Gare;87937
2013-SU-Semaine-50-0000100;Lausanne-Gare;87972;Lausanne-Flon;88018
2013-SU-Semaine-50-0000100;Lausanne-Flon;88053;Riponne-M. Béjart;88128
2013-SU-Semaine-50-0000100;Riponne-M. Béjart;88158;Bessières;88225
2013-SU-Semaine-50-0000100;Bessières;88252;Ours;88314
2013-SU-Semaine-50-0000100;Ours;88337;CHUV;88404
2013-SU-Semaine-50-0000100;CHUV;88434;Sallaz;88518
2013-SU-Semaine-50-0000100;Sallaz;88550;Fourmi;88641
2013-SU-Semaine-50-0000100;Fourmi;88663;Vennes;88735
2013-SU-Semaine-50-0000100;Vennes;88762;Croisettes;88863
2013-SU-Semaine-50-0000100;Croisettes;88200;Vennes;88261
2013-SU-Semaine-50-0000100;Vennes;88289;Fourmi;88373
2013-SU-Semaine-50-0000100;Fourmi;88396;Sallaz;88497
2013-SU-Semaine-50-0000100;Sallaz;88528;CHUV;88618
2013-SU-Semaine-50-0000100;CHUV;88641;Ours;88727
2013-SU-Semaine-50-0000100;Ours;88754;Bessières;88824
2013-SU-Semaine-50-0000100;Bessières;88847;Riponne-M. Béjart;88910
2013-SU-Semaine-50-0000100;Riponne-M. Béjart;88940;Lausanne-Flon;89006
2013-SU-Semaine-50-0000100;Lausanne-Flon;89041;Lausanne-Gare;89101
2013-SU-Semaine-50-0000100;Lausanne-Gare;89136;Grancy;89217
2013-SU-Semaine-50-0000100;Grancy;89240;Délices;89288
2013-SU-Semaine-50-0000100;Délices;89311;Jordils;89353
2013-SU-Semaine-50-0000100;Jordils;89376;Ouchy;89444
2013-SU-Semaine-50-0000100;Renens-Gare nord;74880;Jura;75000
2013-SU-Semaine-50-0000100;Jura;75000;Zinguerie;75000
2013-SU-Semaine-50-0000100;Zinguerie;75000;Marcolet;75120
2013-SU-Semaine-50-0000100;Marcolet;75120;Mongevon;75180
2013-SU-Semaine-50-0000100;Mongevon;75180;Closalet;75360
2013-SU-Semaine-50-0000100;Cugy;84180;Cugy;84300
2013-SU-Semaine-50-0000100;Cugy;84300;Cugy-Poste;84360
2013-SU-Semaine-50-0000100;Cugy-Poste;84360;Cavenette;84360
2013-SU-Semaine-50-0000100;Cavenette;84360;Budron;84480
2013-SU-Semaine-50-0000100;Budron;84480;Fougères;84480
2013-SU-Semaine-50-0000100;Fougères;84480;Etavez;84540
2013-SU-Semaine-50-0000100;Etavez;84540;Grand-Mont;84600
2013-SU-Semaine-50-0000100;Grand-Mont;84600;Coppoz;84660
2013-SU-Semaine-50-0000100;Coppoz;84660;Coppoz-Poste;84720
2013-SU-Semaine-50-0000100;Coppoz-Poste;84720;Petit-Mont;84780
2013-SU-Semaine-50-0000100;Petit-Mont;84780;Côtes;84780
2013-SU-Semaine-50-0000100;Côtes;84780;Martines;84840
2013-SU-Semaine-50-0000100;Martines;84840;Rionzi;84900
2013-SU-Semaine-50-0000100;Rionzi;84900;Grangette;84900
2013-SU-Semaine-50-0000100;Grangette;84900;Bellevaux;84960
2013-SU-Semaine-50-0000100;Bellevaux;84960;Forêt;84960
2013-SU-Semaine-50-0000100;Forêt;84960;Motte;85020
2013-SU-Semaine-50-0000100;Motte;85020;Vieux-Moulin;85080
2013-SU-Semaine-50-0000100;Vieux-Moulin;85080;Grande-Borde;85080
2013-SU-Semaine-50-0000100;Grande-Borde;85080;Mémise;85140
2013-SU-Semaine-50-0000100;Mémise;85140;Tunnel;85200
2013-SU-Semaine-50-0000100;Tunnel;85200;Place du Nord;85260
2013-SU-Semaine-50-0000100;Place du Nord;85260;Bessières;85320
2013-SU-Semaine-50-0000100;Bessières;85320;Rôtillon;85380
2013-SU-Semaine-50-0000100;Rôtillon;85380;Lausanne-Flon;85500
2013-SU-Semaine-50-0010000;Pully-Clergère;44340;Ruisselet;44340
2013-SU-Semaine-50-0010000;Ruisselet;44340;Caudoz;44400
2013-SU-Semaine-50-0010000;Caudoz;44400;Centre Sportif Rochettaz;44460
2013-SU-Semaine-50-0010000;Centre Sportif Rochettaz;44460;Chaffeises;44520
2013-SU-Semaine-50-0010000;Chaffeises;44520;Burenoz;44580
2013-SU-Semaine-50-0010000;Burenoz;44580;Rouvène;44640
2013-SU-Semaine-50-0010000;Rouvène;44640;Malavaux;44700
2013-SU-Semaine-50-0010000;Malavaux;44700;Grands-Champs;44820
2013-SU-Semaine-50-0000100;Croisettes;87570;Vennes;87631
2013-SU-Semaine-50-0000100;Vennes;87659;Fourmi;87743
2013-SU-Semaine-50-0000100;Fourmi;87766;Sallaz;87867
2013-SU-Semaine-50-0000100;Sallaz;87898;CHUV;87988
2013-SU-Semaine-50-0000100;CHUV;88011;Ours;88097
2013-SU-Semaine-50-0000100;Ours;88124;Bessières;88194
2013-SU-Semaine-50-0000100;Bessières;88217;Riponne-M. Béjart;88280
2013-SU-Semaine-50-0000100;Riponne-M. Béjart;88310;Lausanne-Flon;88376
2013-SU-Semaine-50-0000100;Lausanne-Flon;88411;Lausanne-Gare;88471
2013-SU-Semaine-50-0000100;Lausanne-Gare;88506;Grancy;88587
2013-SU-Semaine-50-0000100;Grancy;88610;Délices;88658
2013-SU-Semaine-50-0000100;Délices;88681;Jordils;88723
2013-SU-Semaine-50-0000100;Jordils;88746;Ouchy;88813
2013-SU-Semaine-50-0000100;Cugy;76140;Cugy;76260
2013-SU-Semaine-50-0000100;Cugy;76260;Cugy-Poste;76320
2013-SU-Semaine-50-0000100;Cugy-Poste;76320;Cavenette;76320
2013-SU-Semaine-50-0000100;Cavenette;76320;Budron;76440
2013-SU-Semaine-50-0000100;Budron;76440;Fougères;76440
2013-SU-Semaine-50-0000100;Fougères;76440;Etavez;76500
2013-SU-Semaine-50-0000100;Etavez;76500;Grand-Mont;76560
2013-SU-Semaine-50-0000100;Grand-Mont;76560;Coppoz;76620
2013-SU-Semaine-50-0000100;Coppoz;76620;Coppoz-Poste;76680
2013-SU-Semaine-50-0000100;Coppoz-Poste;76680;Petit-Mont;76740
2013-SU-Semaine-50-0000100;Petit-Mont;76740;Côtes;76740
2013-SU-Semaine-50-0000100;Côtes;76740;Martines;76800
2013-SU-Semaine-50-0000100;Martines;76800;Rionzi;76860
2013-SU-Semaine-50-0000100;Rionzi;76860;Grangette;76860
2013-SU-Semaine-50-0000100;Grangette;76860;Bellevaux;76920
2013-SU-Semaine-50-0000100;Bellevaux;76920;Forêt;76920
2013-SU-Semaine-50-0000100;Forêt;76920;Motte;76980
2013-SU-Semaine-50-0000100;Motte;76980;Vieux-Moulin;77100
2013-SU-Semaine-50-0000100;Vieux-Moulin;77100;Grande-Borde;77100
2013-SU-Semaine-50-0000100;Grande-Borde;77100;Mémise;77160
2013-SU-Semaine-50-0000100;Mémise;77160;Tunnel;77220
2013-SU-Semaine-50-0000100;Tunnel;77220;Place du Nord;77280
2013-SU-Semaine-50-0000100;Place du Nord;77280;Bessières;77400
2013-SU-Semaine-50-0000100;Bessières;77400;Rôtillon;77460
2013-SU-Semaine-50-0000100;Rôtillon;77460;Lausanne-Flon;77580
2013-SU-Semaine-50-0000100;Renens-Gare nord;77400;Jura;77520
2013-SU-Semaine-50-0000100;Jura;77520;Zinguerie;77520
2013-SU-Semaine-50-0000100;Zinguerie;77520;Marcolet;77640
2013-SU-Semaine-50-0000100;Marcolet;77640;Mongevon;77700
2013-SU-Semaine-50-0000100;Mongevon;77700;Closalet;77880
2013-SU-Semaine-50-0000100;Servion-Poste;77340;Grange Rouge;77340
2013-SU-Semaine-50-0000100;Grange Rouge;77340;Clos l'Auberge;77340
2013-SU-Semaine-50-0000100;Clos l'Auberge;77340;Essertes Pralet;77460
2013-SU-Semaine-50-0000100;Essertes Pralet;77460;Casard;77460
2013-SU-Semaine-50-0000100;Casard;77460;Forel;77700
2013-SU-Semaine-50-0000100;Forel;77700;Les Confréries;77700
2013-SU-Semaine-50-0000100;Les Confréries;77700;Chemin Rochettaz;77760
2013-SU-Semaine-50-0000100;Chemin Rochettaz;77760;Grenet;77760
2013-SU-Semaine-50-0000100;Grenet;77760;Bourg-Pilettes;77820
2013-SU-Semaine-50-0000100;Bourg-Pilettes;77820;Talliaz;77820
2013-SU-Semaine-50-0000100;Talliaz;77820;Mollie-Margot;77940
2013-SU-Semaine-50-0000100;Mollie-Margot;77940;Grange-la-Ville;77940
2013-SU-Semaine-50-0000100;Grange-la-Ville;77940;Clair-Matin;78000
2013-SU-Semaine-50-0000100;Clair-Matin;78000;St-Amour;78000
2013-SU-Semaine-50-0000100;St-Amour;78000;Crêt-Rouge;78060
2013-SU-Semaine-50-0000100;Crêt-Rouge;78060;Palaz;78120
2013-SU-Semaine-50-0000100;Palaz;78120;Savigny;78240
2013-SU-Semaine-50-0000100;Savigny;78240;Ancienne Poste;78240
2013-SU-Semaine-50-0000100;Ancienne Poste;78240;Publoz;78300
2013-SU-Semaine-50-0000100;Publoz;78300;Claie-Moines;78420
2013-SU-Semaine-50-0000100;Claie-Moines;78420;Ravessoud;78420
2013-SU-Semaine-50-0000100;Ravessoud;78420;Monts-de-Pully;78480
2013-SU-Semaine-50-0000100;Monts-de-Pully;78480;Trois Chasseurs;78480
2013-SU-Semaine-50-0000100;Trois Chasseurs;78480;Montblesson;78540
2013-SU-Semaine-50-0000100;Montblesson;78540;Rovéréaz;78600
2013-SU-Semaine-50-0000100;Rovéréaz;78600;Foyer;78720
2013-SU-Semaine-50-0000100;Foyer;78720;Valmont;78720
2013-SU-Semaine-50-0000100;Valmont;78720;St-Etienne;78840
2013-SU-Semaine-50-0000100;St-Etienne;78840;Sallaz;78960
2013-SU-Semaine-50-1111000;Froideville-Laiterie;80220;Froideville-Croisée;80220
2013-SU-Semaine-50-1111000;Froideville-Croisée;80220;Froideville-Village;80280
2013-SU-Semaine-50-1111000;Froideville-Village;80280;Rustériaz;80340
2013-SU-Semaine-50-1111000;Rustériaz;80340;Bottens;80520
2013-SU-Semaine-50-1111000;Bottens;80520;Chalet Coucou;80580
2013-SU-Semaine-50-1111000;Chalet Coucou;80580;Bretigny-sur-Morrens;80640
2013-SU-Semaine-50-1111000;Bretigny-sur-Morrens;80640;Moulin;80760
2013-SU-Semaine-50-1111000;Moulin;80760;Cugy;80880
2013-SU-Semaine-50-1111000;Cugy;80880;Cugy-Poste;80940
2013-SU-Semaine-50-1111000;Cugy-Poste;80940;Cavenette;80940
2013-SU-Semaine-50-1111000;Cavenette;80940;Budron;81060
2013-SU-Semaine-50-1111000;Budron;81060;Fougères;81060
2013-SU-Semaine-50-1111000;Fougères;81060;Etavez;81120
2013-SU-Semaine-50-1111000;Etavez;81120;Grand-Mont;81180
2013-SU-Semaine-50-1111000;Grand-Mont;81180;Coppoz;81180
2013-SU-Semaine-50-1111000;Coppoz;81180;Coppoz-Poste;81240
2013-SU-Semaine-50-1111000;Coppoz-Poste;81240;Petit-Mont;81300
2013-SU-Semaine-50-1111000;Petit-Mont;81300;Côtes;81300
2013-SU-Semaine-50-1111000;Côtes;81300;Martines;81360
2013-SU-Semaine-50-1111000;Martines;81360;Rionzi;81420
2013-SU-Semaine-50-1111000;Rionzi;81420;Grangette;81420
2013-SU-Semaine-50-1111000;Grangette;81420;Bellevaux;81480
2013-SU-Semaine-50-1111000;Bellevaux;81480;Forêt;81480
2013-SU-Semaine-50-1111000;Forêt;81480;Motte;81540
2013-SU-Semaine-50-1111000;Motte;81540;Vieux-Moulin;81600
2013-SU-Semaine-50-1111000;Vieux-Moulin;81600;Grande-Borde;81600
2013-SU-Semaine-50-1111000;Grande-Borde;81600;Mémise;81660
2013-SU-Semaine-50-1111000;Mémise;81660;Tunnel;81720
2013-SU-Semaine-50-1111000;Tunnel;81720;Place du Nord;81780
2013-SU-Semaine-50-1111000;Place du Nord;81780;Bessières;81840
2013-SU-Semaine-50-1111000;Bessières;81840;Rôtillon;81900
2013-SU-Semaine-50-1111000;Rôtillon;81900;Lausanne-Flon;82020
2013-SU-Semaine-50-0000100;Sallaz;82800;Valmont;82860
2013-SU-Semaine-50-0000100;Valmont;82860;Foyer;82980
2013-SU-Semaine-50-0000100;Foyer;82980;Rovéréaz;82980
2013-SU-Semaine-50-0000100;Rovéréaz;82980;Montblesson;83040
2013-SU-Semaine-50-0000100;Montblesson;83040;Trois Chasseurs;83100
2013-SU-Semaine-50-0000100;Trois Chasseurs;83100;Monts-de-Pully;83160
2013-SU-Semaine-50-0000100;Monts-de-Pully;83160;Ravessoud;83220
2013-SU-Semaine-50-0000100;Ravessoud;83220;Claie-Moines;83280
2013-SU-Semaine-50-0000100;Claie-Moines;83280;Publoz;83340
2013-SU-Semaine-50-0000100;Publoz;83340;Ancienne Poste;83340
2013-SU-Semaine-50-0000100;Ancienne Poste;83340;Savigny;83460
2013-SU-Semaine-50-0000100;Savigny;83460;Palaz;83460
2013-SU-Semaine-50-0000100;Palaz;83460;Crêt-Rouge;83520
2013-SU-Semaine-50-0000100;Crêt-Rouge;83520;St-Amour;83520
2013-SU-Semaine-50-0000100;St-Amour;83520;Clair-Matin;83580
2013-SU-Semaine-50-0000100;Clair-Matin;83580;Grange-la-Ville;83580
2013-SU-Semaine-50-0000100;Grange-la-Ville;83580;Mollie-Margot;83700
2013-SU-Semaine-50-0000100;Mollie-Margot;83700;Talliaz;83700
2013-SU-Semaine-50-0000100;Talliaz;83700;Bourg-Pilettes;83760
2013-SU-Semaine-50-0000100;Bourg-Pilettes;83760;Grenet;83820
2013-SU-Semaine-50-0000100;Grenet;83820;Chemin Rochettaz;83820
2013-SU-Semaine-50-0000100;Chemin Rochettaz;83820;Les Confréries;83880
2013-SU-Semaine-50-0000100;Les Confréries;83880;Forel;84000
2013-SU-Semaine-50-0000100;Forel;84000;Casard;84060
2013-SU-Semaine-50-0000100;Casard;84060;Essertes Pralet;84120
2013-SU-Semaine-50-0000100;Essertes Pralet;84120;Clos l'Auberge;84180
2013-SU-Semaine-50-0000100;Clos l'Auberge;84180;Servion-Poste;84300
2013-SU-Semaine-50-0000100;Ouchy;88107;Jordils;88170
2013-SU-Semaine-50-0000100;Jordils;88193;Délices;88233
2013-SU-Semaine-50-0000100;Délices;88256;Grancy;88306
2013-SU-Semaine-50-0000100;Grancy;88333;Lausanne-Gare;88387
2013-SU-Semaine-50-0000100;Lausanne-Gare;88422;Lausanne-Flon;88468
2013-SU-Semaine-50-0000100;Lausanne-Flon;88503;Riponne-M. Béjart;88578
2013-SU-Semaine-50-0000100;Riponne-M. Béjart;88608;Bessières;88675
2013-SU-Semaine-50-0000100;Bessières;88702;Ours;88764
2013-SU-Semaine-50-0000100;Ours;88787;CHUV;88854
2013-SU-Semaine-50-0000100;CHUV;88884;Sallaz;88968
2013-SU-Semaine-50-0000100;Sallaz;89000;Fourmi;89091
2013-SU-Semaine-50-0000100;Fourmi;89113;Vennes;89185
2013-SU-Semaine-50-0000100;Vennes;89212;Croisettes;89313
2013-SU-Semaine-50-0000100;Moudon-Gare;88500;Verger;88500
2013-SU-Semaine-50-0000100;Verger;88500;Sorbiers;88560
2013-SU-Semaine-50-0000100;Sorbiers;88560;Bressonnaz;88680
2013-SU-Semaine-50-0000100;Bressonnaz;88680;Syens, Champ-du-Chêne;88680
2013-SU-Semaine-50-0000100;Syens, Champ-du-Chêne;88680;Closy;88800
2013-SU-Semaine-50-0000100;Closy;88800;Vucherens;88860
2013-SU-Semaine-50-0000100;Vucherens;88860;Vulliens;88920
2013-SU-Semaine-50-0000100;Vulliens;88920;Carrouge;88980
2013-SU-Semaine-50-0000100;Carrouge;88980;Mézières-Station;89100
2013-SU-Semaine-50-0000100;Mézières-Station;89100;Mézières-Village;89220
2013-SU-Semaine-50-0000100;Mézières-Village;89220;Croix d'Or;89220
2013-SU-Semaine-50-0000100;Croix d'Or;89220;Ecorcheboeuf;89220
2013-SU-Semaine-50-0000100;Ecorcheboeuf;89220;Ropraz-Ussières;89280
2013-SU-Semaine-50-0000100;Ropraz-Ussières;89280;Home du Jorat;89400
2013-SU-Semaine-50-0000100;Home du Jorat;89400;Corcelles-Jorat;89460
2013-SU-Semaine-50-0000100;Corcelles-Jorat;89460;Montpreveyres;89580
2013-SU-Semaine-50-0000100;Montpreveyres;89580;Balances;89580
2013-SU-Semaine-50-0000100;Balances;89580;Riau-Graubon;89640
2013-SU-Semaine-50-0000100;Riau-Graubon;89640;Ste-Catherine;89700
2013-SU-Semaine-50-0000100;Ste-Catherine;89700;Chalet-Fontaine;89700
2013-SU-Semaine-50-0000100;Chalet-Fontaine;89700;Chalet-à-Gobet;89820
2013-SU-Semaine-50-0000100;Chalet-à-Gobet;89820;Vert-Bois;89820
2013-SU-Semaine-50-0000100;Vert-Bois;89820;En Marin;89880
2013-SU-Semaine-50-0000100;En Marin;89880;Lion d'Or;89940
2013-SU-Semaine-50-0000100;Lion d'Or;89940;Croisettes;90240
2013-SU-Semaine-50-0000100;Froideville-Laiterie;80220;Froideville-Croisée;80280
2013-SU-Semaine-50-0000100;Froideville-Croisée;80280;Froideville-Village;80340
2013-SU-Semaine-50-0000100;Froideville-Village;80340;Rustériaz;80400
2013-SU-Semaine-50-0000100;Rustériaz;80400;Bottens;80580
2013-SU-Semaine-50-0000100;Bottens;80580;Chalet Coucou;80700
2013-SU-Semaine-50-0000100;Chalet Coucou;80700;Bretigny-sur-Morrens;80760
2013-SU-Semaine-50-0000100;Bretigny-sur-Morrens;80760;Moulin;80880
2013-SU-Semaine-50-0000100;Moulin;80880;Cugy;81000
2013-SU-Semaine-50-0000100;Cugy;81000;Cugy-Poste;81060
2013-SU-Semaine-50-0000100;Cugy-Poste;81060;Cavenette;81060
2013-SU-Semaine-50-0000100;Cavenette;81060;Budron;81180
2013-SU-Semaine-50-0000100;Budron;81180;Fougères;81180
2013-SU-Semaine-50-0000100;Fougères;81180;Etavez;81240
2013-SU-Semaine-50-0000100;Etavez;81240;Grand-Mont;81300
2013-SU-Semaine-50-0000100;Grand-Mont;81300;Coppoz;81360
2013-SU-Semaine-50-0000100;Coppoz;81360;Coppoz-Poste;81420
2013-SU-Semaine-50-0000100;Coppoz-Poste;81420;Petit-Mont;81480
2013-SU-Semaine-50-0000100;Petit-Mont;81480;Côtes;81480
2013-SU-Semaine-50-0000100;Côtes;81480;Martines;81540
2013-SU-Semaine-50-0000100;Martines;81540;Rionzi;81600
2013-SU-Semaine-50-0000100;Rionzi;81600;Grangette;81600
2013-SU-Semaine-50-0000100;Grangette;81600;Bellevaux;81660
2013-SU-Semaine-50-0000100;Bellevaux;81660;Forêt;81660
2013-SU-Semaine-50-0000100;Forêt;81660;Motte;81720
2013-SU-Semaine-50-0000100;Motte;81720;Vieux-Moulin;81780
2013-SU-Semaine-50-0000100;Vieux-Moulin;81780;Grande-Borde;81780
2013-SU-Semaine-50-0000100;Grande-Borde;81780;Mémise;81840
2013-SU-Semaine-50-0000100;Mémise;81840;Tunnel;81900
2013-SU-Semaine-50-0000100;Tunnel;81900;Place du Nord;81960
2013-SU-Semaine-50-0000100;Place du Nord;81960;Bessières;82020
2013-SU-Semaine-50-0000100;Bessières;82020;Rôtillon;82080
2013-SU-Semaine-50-0000100;Rôtillon;82080;Lausanne-Flon;82200
2013-SU-Semaine-50-1111000;Lausanne-Flon;82500;Rôtillon;82560
2013-SU-Semaine-50-1111000;Rôtillon;82560;Bessières;82620
2013-SU-Semaine-50-1111000;Bessières;82620;Place du Nord;82680
2013-SU-Semaine-50-1111000;Place du Nord;82680;Tunnel;82740
2013-SU-Semaine-50-1111000;Tunnel;82740;Mémise;82740
2013-SU-Semaine-50-1111000;Mémise;82740;Grande-Borde;82800
2013-SU-Semaine-50-1111000;Grande-Borde;82800;Vieux-Moulin;82860
2013-SU-Semaine-50-1111000;Vieux-Moulin;82860;Rouvraie;82920
2013-SU-Semaine-50-1111000;Rouvraie;82920;Motte;82920
2013-SU-Semaine-50-1111000;Motte;82920;Forêt;82980
2013-SU-Semaine-50-1111000;Forêt;82980;Bellevaux;83040
2013-SU-Semaine-50-1111000;Bellevaux;83040;Grangette;83040
2013-SU-Semaine-50-1111000;Grangette;83040;Rionzi;83040
2013-SU-Semaine-50-1111000;Rionzi;83040;Martines;83040
2013-SU-Semaine-50-1111000;Martines;83040;Côtes;83100
2013-SU-Semaine-50-1111000;Côtes;83100;Petit-Mont;83160
2013-SU-Semaine-50-1111000;Petit-Mont;83160;Coppoz-Poste;83160
2013-SU-Semaine-50-1111000;Coppoz-Poste;83160;Coppoz;83220
2013-SU-Semaine-50-1111000;Coppoz;83220;Grand-Mont;83280
2013-SU-Semaine-50-1111000;Grand-Mont;83280;Etavez;83280
2013-SU-Semaine-50-1111000;Etavez;83280;Fougères;83280
2013-SU-Semaine-50-1111000;Fougères;83280;Budron;83340
2013-SU-Semaine-50-1111000;Budron;83340;Cavenette;83400
2013-SU-Semaine-50-1111000;Cavenette;83400;Cugy-Poste;83460
2013-SU-Semaine-50-1111000;Cugy-Poste;83460;Cugy;83580
2013-SU-Semaine-50-1111000;Cugy;83580;Cugy;83640
2013-SU-Semaine-50-1111000;Sallaz;86400;Valmont;86460
2013-SU-Semaine-50-1111000;Valmont;86460;Foyer;86580
2013-SU-Semaine-50-1111000;Foyer;86580;Rovéréaz;86580
2013-SU-Semaine-50-1111000;Rovéréaz;86580;Montblesson;86640
2013-SU-Semaine-50-1111000;Montblesson;86640;Trois Chasseurs;86700
2013-SU-Semaine-50-1111000;Trois Chasseurs;86700;Monts-de-Pully;86760
2013-SU-Semaine-50-1111000;Monts-de-Pully;86760;Ravessoud;86820
2013-SU-Semaine-50-1111000;Ravessoud;86820;Claie-Moines;86880
2013-SU-Semaine-50-1111000;Claie-Moines;86880;Publoz;86940
2013-SU-Semaine-50-1111000;Publoz;86940;Ancienne Poste;86940
2013-SU-Semaine-50-1111000;Ancienne Poste;86940;Savigny;87060
2013-SU-Semaine-50-1111000;Savigny;87060;Palaz;87060
2013-SU-Semaine-50-1111000;Palaz;87060;Crêt-Rouge;87120
2013-SU-Semaine-50-1111000;Crêt-Rouge;87120;St-Amour;87120
2013-SU-Semaine-50-1111000;St-Amour;87120;Clair-Matin;87180
2013-SU-Semaine-50-1111000;Clair-Matin;87180;Grange-la-Ville;87180
2013-SU-Semaine-50-1111000;Grange-la-Ville;87180;Mollie-Margot;87300
2013-SU-Semaine-50-1111000;Mollie-Margot;87300;Talliaz;87300
2013-SU-Semaine-50-1111000;Talliaz;87300;Bourg-Pilettes;87360
2013-SU-Semaine-50-1111000;Bourg-Pilettes;87360;Grenet;87420
2013-SU-Semaine-50-1111000;Grenet;87420;Chemin Rochettaz;87420
2013-SU-Semaine-50-1111000;Chemin Rochettaz;87420;Les Confréries;87480
2013-SU-Semaine-50-1111000;Les Confréries;87480;Forel;87600
2013-SU-Semaine-50-1111000;Forel;87600;Casard;87660
2013-SU-Semaine-50-1111000;Casard;87660;Essertes Pralet;87720
2013-SU-Semaine-50-1111000;Essertes Pralet;87720;Clos l'Auberge;87780
2013-SU-Semaine-50-1111000;Clos l'Auberge;87780;Servion-Poste;87900
2013-SU-Semaine-50-0000100;Servion-Poste;88140;Grange Rouge;88140
2013-SU-Semaine-50-0000100;Grange Rouge;88140;Clos l'Auberge;88140
2013-SU-Semaine-50-0000100;Clos l'Auberge;88140;Essertes Pralet;88260
2013-SU-Semaine-50-0000100;Essertes Pralet;88260;Casard;88260
2013-SU-Semaine-50-0000100;Casard;88260;Forel;88500
2013-SU-Semaine-50-0000100;Forel;88500;Les Confréries;88500
2013-SU-Semaine-50-0000100;Les Confréries;88500;Chemin Rochettaz;88560
2013-SU-Semaine-50-0000100;Chemin Rochettaz;88560;Grenet;88560
2013-SU-Semaine-50-0000100;Grenet;88560;Bourg-Pilettes;88620
2013-SU-Semaine-50-0000100;Bourg-Pilettes;88620;Talliaz;88620
2013-SU-Semaine-50-0000100;Talliaz;88620;Mollie-Margot;88740
2013-SU-Semaine-50-0000100;Mollie-Margot;88740;Grange-la-Ville;88740
2013-SU-Semaine-50-0000100;Grange-la-Ville;88740;Clair-Matin;88800
2013-SU-Semaine-50-0000100;Clair-Matin;88800;St-Amour;88800
2013-SU-Semaine-50-0000100;St-Amour;88800;Crêt-Rouge;88860
2013-SU-Semaine-50-0000100;Crêt-Rouge;88860;Palaz;88920
2013-SU-Semaine-50-0000100;Palaz;88920;Savigny;89040
2013-SU-Semaine-50-0000100;Savigny;89040;Ancienne Poste;89040
2013-SU-Semaine-50-0000100;Ancienne Poste;89040;Publoz;89100
2013-SU-Semaine-50-0000100;Publoz;89100;Claie-Moines;89220
2013-SU-Semaine-50-0000100;Claie-Moines;89220;Ravessoud;89220
2013-SU-Semaine-50-0000100;Ravessoud;89220;Monts-de-Pully;89280
2013-SU-Semaine-50-0000100;Monts-de-Pully;89280;Trois Chasseurs;89280
2013-SU-Semaine-50-0000100;Trois Chasseurs;89280;Montblesson;89340
2013-SU-Semaine-50-0000100;Montblesson;89340;Rovéréaz;89400
2013-SU-Semaine-50-0000100;Rovéréaz;89400;Foyer;89520
2013-SU-Semaine-50-0000100;Foyer;89520;Valmont;89520
2013-SU-Semaine-50-0000100;Valmont;89520;St-Etienne;89640
2013-SU-Semaine-50-0000100;St-Etienne;89640;Sallaz;89760
2013-SU-Semaine-50-0010000;Pully-Clergère;43260;Montillier;43320
2013-SU-Semaine-50-0010000;Montillier;43320;Perraudettaz;43380
2013-SU-Semaine-50-0010000;Perraudettaz;43380;Roses;43440
2013-SU-Semaine-50-0010000;Roses;43440;Les Liaudes;43500
2013-SU-Semaine-50-0010000;Les Liaudes;43500;Pavillard;43560
2013-SU-Semaine-50-0010000;Pavillard;43560;Margerol;43560
2013-SU-Semaine-50-0010000;Margerol;43560;Rosiaz;43620
2013-SU-Semaine-50-0010000;Rosiaz;43620;Bruyère;43680
2013-SU-Semaine-50-0010000;Bruyère;43680;Daillettes;43860
2013-SU-Semaine-50-0000100;Froideville-Laiterie;88080;Froideville-Croisée;88140
2013-SU-Semaine-50-0000100;Froideville-Croisée;88140;Froideville-Village;88200
2013-SU-Semaine-50-0000100;Froideville-Village;88200;Rustériaz;88260
2013-SU-Semaine-50-0000100;Rustériaz;88260;Bottens;88440
2013-SU-Semaine-50-0000100;Bottens;88440;Chalet Coucou;88560
2013-SU-Semaine-50-0000100;Chalet Coucou;88560;Bretigny-sur-Morrens;88620
2013-SU-Semaine-50-0000100;Bretigny-sur-Morrens;88620;Moulin;88740
2013-SU-Semaine-50-0000100;Moulin;88740;Cugy;88860
2013-SU-Semaine-50-0000100;Cugy;88860;Cugy-Poste;88920
2013-SU-Semaine-50-0000100;Cugy-Poste;88920;Cavenette;88920
2013-SU-Semaine-50-0000100;Cavenette;88920;Budron;89040
2013-SU-Semaine-50-0000100;Budron;89040;Fougères;89040
2013-SU-Semaine-50-0000100;Fougères;89040;Etavez;89100
2013-SU-Semaine-50-0000100;Etavez;89100;Grand-Mont;89160
2013-SU-Semaine-50-0000100;Grand-Mont;89160;Coppoz;89220
2013-SU-Semaine-50-0000100;Coppoz;89220;Coppoz-Poste;89280
2013-SU-Semaine-50-0000100;Coppoz-Poste;89280;Petit-Mont;89340
2013-SU-Semaine-50-0000100;Petit-Mont;89340;Côtes;89340
2013-SU-Semaine-50-0000100;Côtes;89340;Martines;89400
2013-SU-Semaine-50-0000100;Martines;89400;Rionzi;89460
2013-SU-Semaine-50-0000100;Rionzi;89460;Grangette;89460
2013-SU-Semaine-50-0000100;Grangette;89460;Bellevaux;89520
2013-SU-Semaine-50-0000100;Bellevaux;89520;Forêt;89520
2013-SU-Semaine-50-0000100;Forêt;89520;Motte;89580
2013-SU-Semaine-50-1111000;Croisettes;86520;Lion d'Or;86640
2013-SU-Semaine-50-1111000;Lion d'Or;86640;En Marin;86700
2013-SU-Semaine-50-1111000;En Marin;86700;Vert-Bois;86760
2013-SU-Semaine-50-1111000;Vert-Bois;86760;Chalet-à-Gobet;86820
2013-SU-Semaine-50-1111000;Chalet-à-Gobet;86820;Chalet-Fontaine;86820
2013-SU-Semaine-50-1111000;Chalet-Fontaine;86820;Ste-Catherine;86880
2013-SU-Semaine-50-1111000;Ste-Catherine;86880;Riau-Graubon;86940
2013-SU-Semaine-50-1111000;Riau-Graubon;86940;Balances;87000
2013-SU-Semaine-50-1111000;Balances;87000;Montpreveyres;87060
2013-SU-Semaine-50-1111000;Montpreveyres;87060;Corcelles-Jorat;87120
2013-SU-Semaine-50-1111000;Corcelles-Jorat;87120;Home du Jorat;87180
2013-SU-Semaine-50-1111000;Home du Jorat;87180;Ropraz-Ussières;87240
2013-SU-Semaine-50-1111000;Ropraz-Ussières;87240;Ecorcheboeuf;87240
2013-SU-Semaine-50-1111000;Ecorcheboeuf;87240;Croix d'Or;87240
2013-SU-Semaine-50-1111000;Croix d'Or;87240;Mézières-Village;87360
2013-SU-Semaine-50-1111000;Mézières-Village;87360;Mézières-Station;87420
2013-SU-Semaine-50-1101100;Charmeur (EVAM);48000;Noutes;48600
2013-SU-Semaine-50-1101100;Noutes;48600;Collège de Marcolet;48900
2013-SU-Semaine-50-1101100;Collège de Marcolet;48900;Chisaz;49080
2013-SU-Semaine-50-0000100;Croisettes;86520;Lion d'Or;86700
2013-SU-Semaine-50-0000100;Lion d'Or;86700;En Marin;86760
2013-SU-Semaine-50-0000100;En Marin;86760;Vert-Bois;86760
2013-SU-Semaine-50-0000100;Vert-Bois;86760;Chalet-à-Gobet;86880
2013-SU-Semaine-50-0000100;Chalet-à-Gobet;86880;Chalet-Fontaine;86880
2013-SU-Semaine-50-0000100;Chalet-Fontaine;86880;Ste-Catherine;86940
2013-SU-Semaine-50-0000100;Ste-Catherine;86940;Riau-Graubon;87000
2013-SU-Semaine-50-0000100;Riau-Graubon;87000;Balances;87000
2013-SU-Semaine-50-0000100;Balances;87000;Montpreveyres;87120
2013-SU-Semaine-50-0000100;Montpreveyres;87120;Corcelles-Jorat;87180
2013-SU-Semaine-50-0000100;Corcelles-Jorat;87180;Home du Jorat;87240
2013-SU-Semaine-50-0000100;Home du Jorat;87240;Ropraz-Ussières;87240
2013-SU-Semaine-50-0000100;Ropraz-Ussières;87240;Ecorcheboeuf;87300
2013-SU-Semaine-50-0000100;Ecorcheboeuf;87300;Croix d'Or;87300
2013-SU-Semaine-50-0000100;Croix d'Or;87300;Mézières-Village;87420
2013-SU-Semaine-50-0000100;Mézières-Village;87420;Mézières-Station;87540
2013-SU-Semaine-50-0000100;Mézières-Station;87540;Carrouge;87540
2013-SU-Semaine-50-0000100;Carrouge;87540;Vulliens;87660
2013-SU-Semaine-50-0000100;Vulliens;87660;Vucherens;87780
2013-SU-Semaine-50-0000100;Vucherens;87780;Closy;87780
2013-SU-Semaine-50-0000100;Closy;87780;Syens, Champ-du-Chêne;87840
2013-SU-Semaine-50-0000100;Syens, Champ-du-Chêne;87840;Bressonnaz;87960
2013-SU-Semaine-50-0000100;Bressonnaz;87960;Sorbiers;88080
2013-SU-Semaine-50-0000100;Sorbiers;88080;Verger;88080
2013-SU-Semaine-50-0000100;Verger;88080;Moudon-Gare;88260
2013-SU-Semaine-50-0000100;Ouchy;88557;Jordils;88620
2013-SU-Semaine-50-0000100;Jordils;88643;Délices;88683
2013-SU-Semaine-50-0000100;Délices;88706;Grancy;88756
2013-SU-Semaine-50-0000100;Grancy;88783;Lausanne-Gare;88837
2013-SU-Semaine-50-0000100;Lausanne-Gare;88872;Lausanne-Flon;88918
2013-SU-Semaine-50-0000100;Lausanne-Flon;88953;Riponne-M. Béjart;89028
2013-SU-Semaine-50-0000100;Riponne-M. Béjart;89058;Bessières;89125
2013-SU-Semaine-50-0000100;Bessières;89152;Ours;89214
2013-SU-Semaine-50-0000100;Ours;89237;CHUV;89304
2013-SU-Semaine-50-0000100;CHUV;89334;Sallaz;89418
2013-SU-Semaine-50-0000100;Sallaz;89450;Fourmi;89541
2013-SU-Semaine-50-0000100;Fourmi;89563;Vennes;89635
2013-SU-Semaine-50-0000100;Vennes;89662;Croisettes;89763
2013-SU-Semaine-50-0000100;Ouchy;88848;Jordils;88911
2013-SU-Semaine-50-0000100;Jordils;88934;Délices;88974
2013-SU-Semaine-50-0000100;Délices;88997;Grancy;89047
2013-SU-Semaine-50-0000100;Grancy;89074;Lausanne-Gare;89128
2013-SU-Semaine-50-0000100;Lausanne-Gare;89163;Lausanne-Flon;89209
2013-SU-Semaine-50-0000100;Lausanne-Flon;89244;Riponne-M. Béjart;89319
2013-SU-Semaine-50-0000100;Riponne-M. Béjart;89349;Bessières;89416
2013-SU-Semaine-50-0000100;Bessières;89443;Ours;89505
2013-SU-Semaine-50-0000100;Ours;89528;CHUV;89595
2013-SU-Semaine-50-0000100;CHUV;89625;Sallaz;89709
2013-SU-Semaine-50-0000100;Sallaz;89741;Fourmi;89832
2013-SU-Semaine-50-0000100;Fourmi;89854;Vennes;89926
2013-SU-Semaine-50-0000100;Vennes;89953;Croisettes;90054
2013-SU-Semaine-50-0000100;Closalet;75600;Mongevon;75660
2013-SU-Semaine-50-0000100;Mongevon;75660;Marcolet;75780
2013-SU-Semaine-50-0000100;Marcolet;75780;Zinguerie;75840
2013-SU-Semaine-50-0000100;Zinguerie;75840;Jura;75900
2013-SU-Semaine-50-0000100;Jura;75900;Renens-Gare nord;76020
2013-SU-Semaine-50-1111000;Servion-Poste;88140;Grange Rouge;88140
2013-SU-Semaine-50-1111000;Grange Rouge;88140;Clos l'Auberge;88140
2013-SU-Semaine-50-1111000;Clos l'Auberge;88140;Essertes Pralet;88260
2013-SU-Semaine-50-1111000;Essertes Pralet;88260;Casard;88260
2013-SU-Semaine-50-1111000;Casard;88260;Forel;88500
2013-SU-Semaine-50-1111000;Forel;88500;Les Confréries;88500
2013-SU-Semaine-50-1111000;Les Confréries;88500;Chemin Rochettaz;88560
2013-SU-Semaine-50-1111000;Chemin Rochettaz;88560;Grenet;88560
2013-SU-Semaine-50-1111000;Grenet;88560;Bourg-Pilettes;88620
2013-SU-Semaine-50-1111000;Bourg-Pilettes;88620;Talliaz;88620
2013-SU-Semaine-50-1111000;Talliaz;88620;Mollie-Margot;88740
2013-SU-Semaine-50-1111000;Mollie-Margot;88740;Grange-la-Ville;88740
2013-SU-Semaine-50-1111000;Grange-la-Ville;88740;Clair-Matin;88800
2013-SU-Semaine-50-1111000;Clair-Matin;88800;St-Amour;88800
2013-SU-Semaine-50-1111000;St-Amour;88800;Crêt-Rouge;88860
2013-SU-Semaine-50-1111000;Crêt-Rouge;88860;Palaz;88920
2013-SU-Semaine-50-1111000;Palaz;88920;Savigny;89040
2013-SU-Semaine-50-1111000;Savigny;89040;Ancienne Poste;89040
2013-SU-Semaine-50-1111000;Ancienne Poste;89040;Publoz;89100
2013-SU-Semaine-50-1111000;Publoz;89100;Claie-Moines;89220
2013-SU-Semaine-50-1111000;Claie-Moines;89220;Ravessoud;89220
2013-SU-Semaine-50-1111000;Ravessoud;89220;Monts-de-Pully;89280
2013-SU-Semaine-50-1111000;Monts-de-Pully;89280;Trois Chasseurs;89280
2013-SU-Semaine-50-1111000;Trois Chasseurs;89280;Montblesson;89340
2013-SU-Semaine-50-1111000;Montblesson;89340;Rovéréaz;89400
2013-SU-Semaine-50-1111000;Rovéréaz;89400;Foyer;89520
2013-SU-Semaine-50-1111000;Foyer;89520;Valmont;89520
2013-SU-Semaine-50-1111000;Valmont;89520;St-Etienne;89640
2013-SU-Semaine-50-1111000;St-Etienne;89640;Sallaz;89760
2013-SU-Semaine-50-1111000;Lausanne-Flon;74460;Rôtillon;74520
2013-SU-Semaine-50-1111000;Rôtillon;74520;Bessières;74580
2013-SU-Semaine-50-1111000;Bessières;74580;Place du Nord;74640
2013-SU-Semaine-50-1111000;Place du Nord;74640;Tunnel;74700
2013-SU-Semaine-50-1111000;Tunnel;74700;Mémise;74700
2013-SU-Semaine-50-1111000;Mémise;74700;Grande-Borde;74760
2013-SU-Semaine-50-1111000;Grande-Borde;74760;Vieux-Moulin;74820
2013-SU-Semaine-50-1111000;Vieux-Moulin;74820;Rouvraie;74880
2013-SU-Semaine-50-1111000;Rouvraie;74880;Motte;74880
2013-SU-Semaine-50-1111000;Motte;74880;Forêt;74940
2013-SU-Semaine-50-1111000;Forêt;74940;Bellevaux;75000
2013-SU-Semaine-50-1111000;Bellevaux;75000;Grangette;75000
2013-SU-Semaine-50-1111000;Grangette;75000;Rionzi;75000
2013-SU-Semaine-50-1111000;Rionzi;75000;Martines;75000
2013-SU-Semaine-50-1111000;Martines;75000;Côtes;75060
2013-SU-Semaine-50-1111000;Côtes;75060;Petit-Mont;75120
2013-SU-Semaine-50-1111000;Petit-Mont;75120;Coppoz-Poste;75120
2013-SU-Semaine-50-1111000;Coppoz-Poste;75120;Coppoz;75180
2013-SU-Semaine-50-1111000;Coppoz;75180;Grand-Mont;75240
2013-SU-Semaine-50-1111000;Grand-Mont;75240;Etavez;75240
2013-SU-Semaine-50-1111000;Etavez;75240;Fougères;75240
2013-SU-Semaine-50-1111000;Fougères;75240;Budron;75300
2013-SU-Semaine-50-1111000;Budron;75300;Cavenette;75360
2013-SU-Semaine-50-1111000;Cavenette;75360;Cugy-Poste;75420
2013-SU-Semaine-50-1111000;Cugy-Poste;75420;Cugy;75540
2013-SU-Semaine-50-1111000;Cugy;75540;Cugy;75600
2013-SU-Semaine-50-1111000;Lausanne-Flon;77880;Rôtillon;77940
2013-SU-Semaine-50-1111000;Rôtillon;77940;Bessières;78000
2013-SU-Semaine-50-1111000;Bessières;78000;Place du Nord;78060
2013-SU-Semaine-50-1111000;Place du Nord;78060;Tunnel;78120
2013-SU-Semaine-50-1111000;Tunnel;78120;Mémise;78120
2013-SU-Semaine-50-1111000;Mémise;78120;Grande-Borde;78180
2013-SU-Semaine-50-1111000;Grande-Borde;78180;Vieux-Moulin;78240
2013-SU-Semaine-50-1111000;Vieux-Moulin;78240;Rouvraie;78300
2013-SU-Semaine-50-1111000;Rouvraie;78300;Motte;78300
2013-SU-Semaine-50-1111000;Motte;78300;Forêt;78360
2013-SU-Semaine-50-1111000;Forêt;78360;Bellevaux;78420
2013-SU-Semaine-50-1111000;Bellevaux;78420;Grangette;78420
2013-SU-Semaine-50-1111000;Grangette;78420;Rionzi;78420
2013-SU-Semaine-50-1111000;Rionzi;78420;Martines;78420
2013-SU-Semaine-50-1111000;Martines;78420;Côtes;78480
2013-SU-Semaine-50-1111000;Côtes;78480;Petit-Mont;78540
2013-SU-Semaine-50-1111000;Petit-Mont;78540;Coppoz-Poste;78540
2013-SU-Semaine-50-1111000;Coppoz-Poste;78540;Coppoz;78600
2013-SU-Semaine-50-1111000;Coppoz;78600;Grand-Mont;78660
2013-SU-Semaine-50-1111000;Grand-Mont;78660;Etavez;78660
2013-SU-Semaine-50-1111000;Etavez;78660;Fougères;78660
2013-SU-Semaine-50-1111000;Fougères;78660;Budron;78720
2013-SU-Semaine-50-1111000;Budron;78720;Cavenette;78780
2013-SU-Semaine-50-1111000;Cavenette;78780;Cugy-Poste;78840
2013-SU-Semaine-50-1111000;Cugy-Poste;78840;Cugy;78960
2013-SU-Semaine-50-1111000;Cugy;78960;Moulin;79020
2013-SU-Semaine-50-1111000;Moulin;79020;Bretigny-sur-Morrens;79080
2013-SU-Semaine-50-1111000;Bretigny-sur-Morrens;79080;Chalet Coucou;79140
2013-SU-Semaine-50-1111000;Chalet Coucou;79140;Bottens;79260
2013-SU-Semaine-50-1111000;Bottens;79260;Rustériaz;79320
2013-SU-Semaine-50-1111000;Rustériaz;79320;Froideville-Village;79380
2013-SU-Semaine-50-1111000;Froideville-Village;79380;Froideville-Croisée;79440
2013-SU-Semaine-50-1111000;Froideville-Croisée;79440;Froideville-Laiterie;79560
2013-SU-Semaine-50-1111000;Froideville-Laiterie;88080;Froideville-Croisée;88080
2013-SU-Semaine-50-1111000;Froideville-Croisée;88080;Froideville-Village;88140
2013-SU-Semaine-50-1111000;Froideville-Village;88140;Rustériaz;88200
2013-SU-Semaine-50-1111000;Rustériaz;88200;Bottens;88380
2013-SU-Semaine-50-1111000;Bottens;88380;Chalet Coucou;88440
2013-SU-Semaine-50-1111000;Chalet Coucou;88440;Bretigny-sur-Morrens;88500
2013-SU-Semaine-50-1111000;Bretigny-sur-Morrens;88500;Moulin;88620
2013-SU-Semaine-50-1111000;Moulin;88620;Cugy;88740
2013-SU-Semaine-50-1111000;Cugy;88740;Cugy-Poste;88800
2013-SU-Semaine-50-1111000;Cugy-Poste;88800;Cavenette;88800
2013-SU-Semaine-50-1111000;Cavenette;88800;Budron;88920
2013-SU-Semaine-50-1111000;Budron;88920;Fougères;88920
2013-SU-Semaine-50-1111000;Fougères;88920;Etavez;88980
2013-SU-Semaine-50-1111000;Etavez;88980;Grand-Mont;89040
2013-SU-Semaine-50-1111000;Grand-Mont;89040;Coppoz;89040
2013-SU-Semaine-50-1111000;Coppoz;89040;Coppoz-Poste;89100
2013-SU-Semaine-50-1111000;Coppoz-Poste;89100;Petit-Mont;89160
2013-SU-Semaine-50-1111000;Petit-Mont;89160;Côtes;89160
2013-SU-Semaine-50-1111000;Côtes;89160;Martines;89220
2013-SU-Semaine-50-1111000;Martines;89220;Rionzi;89280
2013-SU-Semaine-50-1111000;Rionzi;89280;Grangette;89280
2013-SU-Semaine-50-1111000;Grangette;89280;Bellevaux;89340
2013-SU-Semaine-50-1111000;Bellevaux;89340;Forêt;89340
2013-SU-Semaine-50-1111000;Forêt;89340;Motte;89400
2013-SU-Semaine-50-0000100;Lausanne-Flon;85800;Rôtillon;85860
2013-SU-Semaine-50-0000100;Rôtillon;85860;Bessières;85920
2013-SU-Semaine-50-0000100;Bessières;85920;Place du Nord;86040
2013-SU-Semaine-50-0000100;Place du Nord;86040;Tunnel;86100
2013-SU-Semaine-50-0000100;Tunnel;86100;Mémise;86100
2013-SU-Semaine-50-0000100;Mémise;86100;Grande-Borde;86160
2013-SU-Semaine-50-0000100;Grande-Borde;86160;Vieux-Moulin;86220
2013-SU-Semaine-50-0000100;Vieux-Moulin;86220;Rouvraie;86280
2013-SU-Semaine-50-0000100;Rouvraie;86280;Motte;86280
2013-SU-Semaine-50-0000100;Motte;86280;Forêt;86340
2013-SU-Semaine-50-0000100;Forêt;86340;Bellevaux;86460
2013-SU-Semaine-50-0000100;Bellevaux;86460;Grangette;86460
2013-SU-Semaine-50-0000100;Grangette;86460;Rionzi;86460
2013-SU-Semaine-50-0000100;Rionzi;86460;Martines;86520
2013-SU-Semaine-50-0000100;Martines;86520;Côtes;86580
2013-SU-Semaine-50-0000100;Côtes;86580;Petit-Mont;86640
2013-SU-Semaine-50-0000100;Petit-Mont;86640;Coppoz-Poste;86640
2013-SU-Semaine-50-0000100;Coppoz-Poste;86640;Coppoz;86700
2013-SU-Semaine-50-0000100;Coppoz;86700;Grand-Mont;86820
2013-SU-Semaine-50-0000100;Grand-Mont;86820;Etavez;86820
2013-SU-Semaine-50-0000100;Etavez;86820;Fougères;86880
2013-SU-Semaine-50-0000100;Fougères;86880;Budron;86940
2013-SU-Semaine-50-0000100;Budron;86940;Cavenette;87000
2013-SU-Semaine-50-0000100;Cavenette;87000;Cugy-Poste;87060
2013-SU-Semaine-50-0000100;Cugy-Poste;87060;Cugy;87180
2013-SU-Semaine-50-0000100;Cugy;87180;Moulin;87240
2013-SU-Semaine-50-0000100;Moulin;87240;Bretigny-sur-Morrens;87300
2013-SU-Semaine-50-0000100;Bretigny-sur-Morrens;87300;Chalet Coucou;87360
2013-SU-Semaine-50-0000100;Chalet Coucou;87360;Bottens;87480
2013-SU-Semaine-50-0000100;Bottens;87480;Rustériaz;87600
2013-SU-Semaine-50-0000100;Rustériaz;87600;Froideville-Village;87720
2013-SU-Semaine-50-0000100;Froideville-Village;87720;Froideville-Croisée;87780
2013-SU-Semaine-50-0000100;Froideville-Croisée;87780;Froideville-Laiterie;87900
2013-SU-Semaine-50-0000100;Sallaz;79200;Valmont;79260
2013-SU-Semaine-50-0000100;Valmont;79260;Foyer;79380
2013-SU-Semaine-50-0000100;Foyer;79380;Rovéréaz;79380
2013-SU-Semaine-50-0000100;Rovéréaz;79380;Montblesson;79440
2013-SU-Semaine-50-0000100;Montblesson;79440;Trois Chasseurs;79500
2013-SU-Semaine-50-0000100;Trois Chasseurs;79500;Monts-de-Pully;79560
2013-SU-Semaine-50-0000100;Monts-de-Pully;79560;Ravessoud;79620
2013-SU-Semaine-50-0000100;Ravessoud;79620;Claie-Moines;79680
2013-SU-Semaine-50-0000100;Claie-Moines;79680;Publoz;79740
2013-SU-Semaine-50-0000100;Publoz;79740;Ancienne Poste;79740
2013-SU-Semaine-50-0000100;Ancienne Poste;79740;Savigny;79860
2013-SU-Semaine-50-0000100;Savigny;79860;Palaz;79860
2013-SU-Semaine-50-0000100;Palaz;79860;Crêt-Rouge;79920
2013-SU-Semaine-50-0000100;Crêt-Rouge;79920;St-Amour;79920
2013-SU-Semaine-50-0000100;St-Amour;79920;Clair-Matin;79980
2013-SU-Semaine-50-0000100;Clair-Matin;79980;Grange-la-Ville;79980
2013-SU-Semaine-50-0000100;Grange-la-Ville;79980;Mollie-Margot;80100
2013-SU-Semaine-50-0000100;Mollie-Margot;80100;Talliaz;80100
2013-SU-Semaine-50-0000100;Talliaz;80100;Bourg-Pilettes;80160
2013-SU-Semaine-50-0000100;Bourg-Pilettes;80160;Grenet;80220
2013-SU-Semaine-50-0000100;Grenet;80220;Chemin Rochettaz;80220
2013-SU-Semaine-50-0000100;Chemin Rochettaz;80220;Les Confréries;80280
2013-SU-Semaine-50-0000100;Les Confréries;80280;Forel;80400
2013-SU-Semaine-50-0000100;Forel;80400;Casard;80460
2013-SU-Semaine-50-0000100;Casard;80460;Essertes Pralet;80520
2013-SU-Semaine-50-0000100;Essertes Pralet;80520;Clos l'Auberge;80580
2013-SU-Semaine-50-0000100;Clos l'Auberge;80580;Servion-Poste;80700
2013-SU-Semaine-50-1111000;Sallaz;82800;Valmont;82860
2013-SU-Semaine-50-1111000;Valmont;82860;Foyer;82980
2013-SU-Semaine-50-1111000;Foyer;82980;Rovéréaz;82980
2013-SU-Semaine-50-1111000;Rovéréaz;82980;Montblesson;83040
2013-SU-Semaine-50-1111000;Montblesson;83040;Trois Chasseurs;83100
2013-SU-Semaine-50-1111000;Trois Chasseurs;83100;Monts-de-Pully;83160
2013-SU-Semaine-50-1111000;Monts-de-Pully;83160;Ravessoud;83220
2013-SU-Semaine-50-1111000;Ravessoud;83220;Claie-Moines;83280
2013-SU-Semaine-50-1111000;Claie-Moines;83280;Publoz;83340
2013-SU-Semaine-50-1111000;Publoz;83340;Ancienne Poste;83340
2013-SU-Semaine-50-1111000;Ancienne Poste;83340;Savigny;83460
2013-SU-Semaine-50-1111000;Savigny;83460;Palaz;83460
2013-SU-Semaine-50-1111000;Palaz;83460;Crêt-Rouge;83520
2013-SU-Semaine-50-1111000;Crêt-Rouge;83520;St-Amour;83520
2013-SU-Semaine-50-1111000;St-Amour;83520;Clair-Matin;83580
2013-SU-Semaine-50-1111000;Clair-Matin;83580;Grange-la-Ville;83580
2013-SU-Semaine-50-1111000;Grange-la-Ville;83580;Mollie-Margot;83700
2013-SU-Semaine-50-1111000;Mollie-Margot;83700;Talliaz;83700
2013-SU-Semaine-50-1111000;Talliaz;83700;Bourg-Pilettes;83760
2013-SU-Semaine-50-1111000;Bourg-Pilettes;83760;Grenet;83820
2013-SU-Semaine-50-1111000;Grenet;83820;Chemin Rochettaz;83820
2013-SU-Semaine-50-1111000;Chemin Rochettaz;83820;Les Confréries;83880
2013-SU-Semaine-50-1111000;Les Confréries;83880;Forel;84000
2013-SU-Semaine-50-1111000;Forel;84000;Casard;84060
2013-SU-Semaine-50-1111000;Casard;84060;Essertes Pralet;84120
2013-SU-Semaine-50-1111000;Essertes Pralet;84120;Clos l'Auberge;84180
2013-SU-Semaine-50-1111000;Clos l'Auberge;84180;Servion-Poste;84300
2013-SU-Semaine-50-0000100;Closalet;76980;Mongevon;77040
2013-SU-Semaine-50-0000100;Mongevon;77040;Marcolet;77160
2013-SU-Semaine-50-0000100;Marcolet;77160;Zinguerie;77220
2013-SU-Semaine-50-0000100;Zinguerie;77220;Jura;77280
2013-SU-Semaine-50-0000100;Jura;77280;Renens-Gare nord;77400
2013-SU-Semaine-50-1111000;Servion-Poste;77340;Grange Rouge;77340
2013-SU-Semaine-50-1111000;Grange Rouge;77340;Clos l'Auberge;77340
2013-SU-Semaine-50-1111000;Clos l'Auberge;77340;Essertes Pralet;77460
2013-SU-Semaine-50-1111000;Essertes Pralet;77460;Casard;77460
2013-SU-Semaine-50-1111000;Casard;77460;Forel;77700
2013-SU-Semaine-50-1111000;Forel;77700;Les Confréries;77700
2013-SU-Semaine-50-1111000;Les Confréries;77700;Chemin Rochettaz;77760
2013-SU-Semaine-50-1111000;Chemin Rochettaz;77760;Grenet;77760
2013-SU-Semaine-50-1111000;Grenet;77760;Bourg-Pilettes;77820
2013-SU-Semaine-50-1111000;Bourg-Pilettes;77820;Talliaz;77820
2013-SU-Semaine-50-1111000;Talliaz;77820;Mollie-Margot;77940
2013-SU-Semaine-50-1111000;Mollie-Margot;77940;Grange-la-Ville;77940
2013-SU-Semaine-50-1111000;Grange-la-Ville;77940;Clair-Matin;78000
2013-SU-Semaine-50-1111000;Clair-Matin;78000;St-Amour;78000
2013-SU-Semaine-50-1111000;St-Amour;78000;Crêt-Rouge;78060
2013-SU-Semaine-50-1111000;Crêt-Rouge;78060;Palaz;78120
2013-SU-Semaine-50-1111000;Palaz;78120;Savigny;78240
2013-SU-Semaine-50-1111000;Savigny;78240;Ancienne Poste;78240
2013-SU-Semaine-50-1111000;Ancienne Poste;78240;Publoz;78300
2013-SU-Semaine-50-1111000;Publoz;78300;Claie-Moines;78420
2013-SU-Semaine-50-1111000;Claie-Moines;78420;Ravessoud;78420
2013-SU-Semaine-50-1111000;Ravessoud;78420;Monts-de-Pully;78480
2013-SU-Semaine-50-1111000;Monts-de-Pully;78480;Trois Chasseurs;78480
2013-SU-Semaine-50-1111000;Trois Chasseurs;78480;Montblesson;78540
2013-SU-Semaine-50-1111000;Montblesson;78540;Rovéréaz;78600
2013-SU-Semaine-50-1111000;Rovéréaz;78600;Foyer;78720
2013-SU-Semaine-50-1111000;Foyer;78720;Valmont;78720
2013-SU-Semaine-50-1111000;Valmont;78720;St-Etienne;78840
2013-SU-Semaine-50-1111000;St-Etienne;78840;Sallaz;78960
2013-SU-Semaine-50-0000100;Lausanne-Flon;77880;Rôtillon;77940
2013-SU-Semaine-50-0000100;Rôtillon;77940;Bessières;78000
2013-SU-Semaine-50-0000100;Bessières;78000;Place du Nord;78120
2013-SU-Semaine-50-0000100;Place du Nord;78120;Tunnel;78180
2013-SU-Semaine-50-0000100;Tunnel;78180;Mémise;78180
2013-SU-Semaine-50-0000100;Mémise;78180;Grande-Borde;78240
2013-SU-Semaine-50-0000100;Grande-Borde;78240;Vieux-Moulin;78300
2013-SU-Semaine-50-0000100;Vieux-Moulin;78300;Rouvraie;78360
2013-SU-Semaine-50-0000100;Rouvraie;78360;Motte;78360
2013-SU-Semaine-50-0000100;Motte;78360;Forêt;78420
2013-SU-Semaine-50-0000100;Forêt;78420;Bellevaux;78540
2013-SU-Semaine-50-0000100;Bellevaux;78540;Grangette;78540
2013-SU-Semaine-50-0000100;Grangette;78540;Rionzi;78540
2013-SU-Semaine-50-0000100;Rionzi;78540;Martines;78600
2013-SU-Semaine-50-0000100;Martines;78600;Côtes;78660
2013-SU-Semaine-50-0000100;Côtes;78660;Petit-Mont;78720
2013-SU-Semaine-50-0000100;Petit-Mont;78720;Coppoz-Poste;78720
2013-SU-Semaine-50-0000100;Coppoz-Poste;78720;Coppoz;78780
2013-SU-Semaine-50-0000100;Coppoz;78780;Grand-Mont;78900
2013-SU-Semaine-50-0000100;Grand-Mont;78900;Etavez;78900
2013-SU-Semaine-50-0000100;Etavez;78900;Fougères;78960
2013-SU-Semaine-50-0000100;Fougères;78960;Budron;79020
2013-SU-Semaine-50-0000100;Budron;79020;Cavenette;79080
2013-SU-Semaine-50-0000100;Cavenette;79080;Cugy-Poste;79140
2013-SU-Semaine-50-0000100;Cugy-Poste;79140;Cugy;79260
2013-SU-Semaine-50-0000100;Cugy;79260;Moulin;79320
2013-SU-Semaine-50-0000100;Moulin;79320;Bretigny-sur-Morrens;79380
2013-SU-Semaine-50-0000100;Bretigny-sur-Morrens;79380;Chalet Coucou;79440
2013-SU-Semaine-50-0000100;Chalet Coucou;79440;Bottens;79560
2013-SU-Semaine-50-0000100;Bottens;79560;Rustériaz;79680
2013-SU-Semaine-50-0000100;Rustériaz;79680;Froideville-Village;79800
2013-SU-Semaine-50-0000100;Froideville-Village;79800;Froideville-Croisée;79860
2013-SU-Semaine-50-0000100;Froideville-Croisée;79860;Froideville-Laiterie;79980
2013-SU-Semaine-50-0001100;Bellerive;34200;Gymnase de Provence;35400
2013-SU-Semaine-50-0000100;Closalet;74460;Mongevon;74520
2013-SU-Semaine-50-0000100;Mongevon;74520;Marcolet;74640
2013-SU-Semaine-50-0000100;Marcolet;74640;Zinguerie;74700
2013-SU-Semaine-50-0000100;Zinguerie;74700;Jura;74760
2013-SU-Semaine-50-0000100;Jura;74760;Renens-Gare nord;74880
2013-SU-Semaine-50-1111000;Sallaz;79200;Valmont;79260
2013-SU-Semaine-50-1111000;Valmont;79260;Foyer;79380
2013-SU-Semaine-50-1111000;Foyer;79380;Rovéréaz;79380
2013-SU-Semaine-50-1111000;Rovéréaz;79380;Montblesson;79440
2013-SU-Semaine-50-1111000;Montblesson;79440;Trois Chasseurs;79500
2013-SU-Semaine-50-1111000;Trois Chasseurs;79500;Monts-de-Pully;79560
2013-SU-Semaine-50-1111000;Monts-de-Pully;79560;Ravessoud;79620
2013-SU-Semaine-50-1111000;Ravessoud;79620;Claie-Moines;79680
2013-SU-Semaine-50-1111000;Claie-Moines;79680;Publoz;79740
2013-SU-Semaine-50-1111000;Publoz;79740;Ancienne Poste;79740
2013-SU-Semaine-50-1111000;Ancienne Poste;79740;Savigny;79860
2013-SU-Semaine-50-1111000;Savigny;79860;Palaz;79860
2013-SU-Semaine-50-1111000;Palaz;79860;Crêt-Rouge;79920
2013-SU-Semaine-50-1111000;Crêt-Rouge;79920;St-Amour;79920
2013-SU-Semaine-50-1111000;St-Amour;79920;Clair-Matin;79980
2013-SU-Semaine-50-1111000;Clair-Matin;79980;Grange-la-Ville;79980
2013-SU-Semaine-50-1111000;Grange-la-Ville;79980;Mollie-Margot;80100
2013-SU-Semaine-50-1111000;Mollie-Margot;80100;Talliaz;80100
2013-SU-Semaine-50-1111000;Talliaz;80100;Bourg-Pilettes;80160
2013-SU-Semaine-50-1111000;Bourg-Pilettes;80160;Grenet;80220
2013-SU-Semaine-50-1111000;Grenet;80220;Chemin Rochettaz;80220
2013-SU-Semaine-50-1111000;Chemin Rochettaz;80220;Les Confréries;80280
2013-SU-Semaine-50-1111000;Les Confréries;80280;Forel;80400
2013-SU-Semaine-50-1111000;Forel;80400;Casard;80460
2013-SU-Semaine-50-1111000;Casard;80460;Essertes Pralet;80520
2013-SU-Semaine-50-1111000;Essertes Pralet;80520;Clos l'Auberge;80580
2013-SU-Semaine-50-1111000;Clos l'Auberge;80580;Servion-Poste;80700
2013-SU-Semaine-50-0000100;Lausanne-Flon;82500;Rôtillon;82560
2013-SU-Semaine-50-0000100;Rôtillon;82560;Bessières;82620
2013-SU-Semaine-50-0000100;Bessières;82620;Place du Nord;82740
2013-SU-Semaine-50-0000100;Place du Nord;82740;Tunnel;82800
2013-SU-Semaine-50-0000100;Tunnel;82800;Mémise;82800
2013-SU-Semaine-50-0000100;Mémise;82800;Grande-Borde;82860
2013-SU-Semaine-50-0000100;Grande-Borde;82860;Vieux-Moulin;82920
2013-SU-Semaine-50-0000100;Vieux-Moulin;82920;Rouvraie;82980
2013-SU-Semaine-50-0000100;Rouvraie;82980;Motte;82980
2013-SU-Semaine-50-0000100;Motte;82980;Forêt;83040
2013-SU-Semaine-50-0000100;Forêt;83040;Bellevaux;83160
2013-SU-Semaine-50-0000100;Bellevaux;83160;Grangette;83160
2013-SU-Semaine-50-0000100;Grangette;83160;Rionzi;83160
2013-SU-Semaine-50-0000100;Rionzi;83160;Martines;83220
2013-SU-Semaine-50-0000100;Martines;83220;Côtes;83280
2013-SU-Semaine-50-0000100;Côtes;83280;Petit-Mont;83340
2013-SU-Semaine-50-0000100;Petit-Mont;83340;Coppoz-Poste;83340
2013-SU-Semaine-50-0000100;Coppoz-Poste;83340;Coppoz;83400
2013-SU-Semaine-50-0000100;Coppoz;83400;Grand-Mont;83520
2013-SU-Semaine-50-0000100;Grand-Mont;83520;Etavez;83520
2013-SU-Semaine-50-0000100;Etavez;83520;Fougères;83580
2013-SU-Semaine-50-0000100;Fougères;83580;Budron;83640
2013-SU-Semaine-50-0000100;Budron;83640;Cavenette;83700
2013-SU-Semaine-50-0000100;Cavenette;83700;Cugy-Poste;83760
2013-SU-Semaine-50-0000100;Cugy-Poste;83760;Cugy;83880
2013-SU-Semaine-50-0000100;Cugy;83880;Cugy;83940
2013-SU-Semaine-50-1111000;Lausanne-Flon;85800;Rôtillon;85860
2013-SU-Semaine-50-1111000;Rôtillon;85860;Bessières;85920
2013-SU-Semaine-50-1111000;Bessières;85920;Place du Nord;85980
2013-SU-Semaine-50-1111000;Place du Nord;85980;Tunnel;86040
2013-SU-Semaine-50-1111000;Tunnel;86040;Mémise;86040
2013-SU-Semaine-50-1111000;Mémise;86040;Grande-Borde;86100
2013-SU-Semaine-50-1111000;Grande-Borde;86100;Vieux-Moulin;86160
2013-SU-Semaine-50-1111000;Vieux-Moulin;86160;Rouvraie;86220
2013-SU-Semaine-50-1111000;Rouvraie;86220;Motte;86220
2013-SU-Semaine-50-1111000;Motte;86220;Forêt;86280
2013-SU-Semaine-50-1111000;Forêt;86280;Bellevaux;86340
2013-SU-Semaine-50-1111000;Bellevaux;86340;Grangette;86340
2013-SU-Semaine-50-1111000;Grangette;86340;Rionzi;86340
2013-SU-Semaine-50-1111000;Rionzi;86340;Martines;86340
2013-SU-Semaine-50-1111000;Martines;86340;Côtes;86400
2013-SU-Semaine-50-1111000;Côtes;86400;Petit-Mont;86460
2013-SU-Semaine-50-1111000;Petit-Mont;86460;Coppoz-Poste;86460
2013-SU-Semaine-50-1111000;Coppoz-Poste;86460;Coppoz;86520
2013-SU-Semaine-50-1111000;Coppoz;86520;Grand-Mont;86580
2013-SU-Semaine-50-1111000;Grand-Mont;86580;Etavez;86580
2013-SU-Semaine-50-1111000;Etavez;86580;Fougères;86580
2013-SU-Semaine-50-1111000;Fougères;86580;Budron;86640
2013-SU-Semaine-50-1111000;Budron;86640;Cavenette;86700
2013-SU-Semaine-50-1111000;Cavenette;86700;Cugy-Poste;86760
2013-SU-Semaine-50-1111000;Cugy-Poste;86760;Cugy;86880
2013-SU-Semaine-50-1111000;Cugy;86880;Moulin;86940
2013-SU-Semaine-50-1111000;Moulin;86940;Bretigny-sur-Morrens;87000
2013-SU-Semaine-50-1111000;Bretigny-sur-Morrens;87000;Chalet Coucou;87060
2013-SU-Semaine-50-1111000;Chalet Coucou;87060;Bottens;87180
2013-SU-Semaine-50-1111000;Bottens;87180;Rustériaz;87240
2013-SU-Semaine-50-1111000;Rustériaz;87240;Froideville-Village;87300
2013-SU-Semaine-50-1111000;Froideville-Village;87300;Froideville-Croisée;87360
2013-SU-Semaine-50-1111000;Froideville-Croisée;87360;Froideville-Laiterie;87480
2013-SU-Semaine-50-1111000;Sallaz;75600;Valmont;75660
2013-SU-Semaine-50-1111000;Valmont;75660;Foyer;75780
2013-SU-Semaine-50-1111000;Foyer;75780;Rovéréaz;75780
2013-SU-Semaine-50-1111000;Rovéréaz;75780;Montblesson;75840
2013-SU-Semaine-50-1111000;Montblesson;75840;Trois Chasseurs;75900
2013-SU-Semaine-50-1111000;Trois Chasseurs;75900;Monts-de-Pully;75960
2013-SU-Semaine-50-1111000;Monts-de-Pully;75960;Ravessoud;76020
2013-SU-Semaine-50-1111000;Ravessoud;76020;Claie-Moines;76080
2013-SU-Semaine-50-1111000;Claie-Moines;76080;Publoz;76140
2013-SU-Semaine-50-1111000;Publoz;76140;Ancienne Poste;76140
2013-SU-Semaine-50-1111000;Ancienne Poste;76140;Savigny;76260
2013-SU-Semaine-50-1111000;Savigny;76260;Palaz;76260
2013-SU-Semaine-50-1111000;Palaz;76260;Crêt-Rouge;76320
2013-SU-Semaine-50-1111000;Crêt-Rouge;76320;St-Amour;76320
2013-SU-Semaine-50-1111000;St-Amour;76320;Clair-Matin;76380
2013-SU-Semaine-50-1111000;Clair-Matin;76380;Grange-la-Ville;76380
2013-SU-Semaine-50-1111000;Grange-la-Ville;76380;Mollie-Margot;76500
2013-SU-Semaine-50-1111000;Mollie-Margot;76500;Talliaz;76500
2013-SU-Semaine-50-1111000;Talliaz;76500;Bourg-Pilettes;76560
2013-SU-Semaine-50-1111000;Bourg-Pilettes;76560;Grenet;76620
2013-SU-Semaine-50-1111000;Grenet;76620;Chemin Rochettaz;76620
2013-SU-Semaine-50-1111000;Chemin Rochettaz;76620;Les Confréries;76680
2013-SU-Semaine-50-1111000;Les Confréries;76680;Forel;76800
2013-SU-Semaine-50-1111000;Forel;76800;Casard;76860
2013-SU-Semaine-50-1111000;Casard;76860;Essertes Pralet;76920
2013-SU-Semaine-50-1111000;Essertes Pralet;76920;Clos l'Auberge;76980
2013-SU-Semaine-50-1111000;Clos l'Auberge;76980;Servion-Poste;77100
2013-SU-Semaine-50-1101100;Noutes;55200;Collège de Marcolet;55500
2013-SU-Semaine-50-1101100;Collège de Marcolet;55500;Chisaz;55680
2013-SU-Semaine-50-1101100;Chisaz;55680;Charmeur (EVAM);56160
2013-SU-Semaine-50-0000100;Sallaz;86400;Valmont;86460
2013-SU-Semaine-50-0000100;Valmont;86460;Foyer;86580
2013-SU-Semaine-50-0000100;Foyer;86580;Rovéréaz;86580
2013-SU-Semaine-50-0000100;Rovéréaz;86580;Montblesson;86640
2013-SU-Semaine-50-0000100;Montblesson;86640;Trois Chasseurs;86700
2013-SU-Semaine-50-0000100;Trois Chasseurs;86700;Monts-de-Pully;86760
2013-SU-Semaine-50-0000100;Monts-de-Pully;86760;Ravessoud;86820
2013-SU-Semaine-50-0000100;Ravessoud;86820;Claie-Moines;86880
2013-SU-Semaine-50-0000100;Claie-Moines;86880;Publoz;86940
2013-SU-Semaine-50-0000100;Publoz;86940;Ancienne Poste;86940
2013-SU-Semaine-50-0000100;Ancienne Poste;86940;Savigny;87060
2013-SU-Semaine-50-0000100;Savigny;87060;Palaz;87060
2013-SU-Semaine-50-0000100;Palaz;87060;Crêt-Rouge;87120
2013-SU-Semaine-50-0000100;Crêt-Rouge;87120;St-Amour;87120
2013-SU-Semaine-50-0000100;St-Amour;87120;Clair-Matin;87180
2013-SU-Semaine-50-0000100;Clair-Matin;87180;Grange-la-Ville;87180
2013-SU-Semaine-50-0000100;Grange-la-Ville;87180;Mollie-Margot;87300
2013-SU-Semaine-50-0000100;Mollie-Margot;87300;Talliaz;87300
2013-SU-Semaine-50-0000100;Talliaz;87300;Bourg-Pilettes;87360
2013-SU-Semaine-50-0000100;Bourg-Pilettes;87360;Grenet;87420
2013-SU-Semaine-50-0000100;Grenet;87420;Chemin Rochettaz;87420
2013-SU-Semaine-50-0000100;Chemin Rochettaz;87420;Les Confréries;87480
2013-SU-Semaine-50-0000100;Les Confréries;87480;Forel;87600
2013-SU-Semaine-50-0000100;Forel;87600;Casard;87660
2013-SU-Semaine-50-0000100;Casard;87660;Essertes Pralet;87720
2013-SU-Semaine-50-0000100;Essertes Pralet;87720;Clos l'Auberge;87780
2013-SU-Semaine-50-0000100;Clos l'Auberge;87780;Servion-Poste;87900
2013-SU-Semaine-50-0000100;Sallaz;75600;Valmont;75660
2013-SU-Semaine-50-0000100;Valmont;75660;Foyer;75780
2013-SU-Semaine-50-0000100;Foyer;75780;Rovéréaz;75780
2013-SU-Semaine-50-0000100;Rovéréaz;75780;Montblesson;75840
2013-SU-Semaine-50-0000100;Montblesson;75840;Trois Chasseurs;75900
2013-SU-Semaine-50-0000100;Trois Chasseurs;75900;Monts-de-Pully;75960
2013-SU-Semaine-50-0000100;Monts-de-Pully;75960;Ravessoud;76020
2013-SU-Semaine-50-0000100;Ravessoud;76020;Claie-Moines;76080
2013-SU-Semaine-50-0000100;Claie-Moines;76080;Publoz;76140
2013-SU-Semaine-50-0000100;Publoz;76140;Ancienne Poste;76140
2013-SU-Semaine-50-0000100;Ancienne Poste;76140;Savigny;76260
2013-SU-Semaine-50-0000100;Savigny;76260;Palaz;76260
2013-SU-Semaine-50-0000100;Palaz;76260;Crêt-Rouge;76320
2013-SU-Semaine-50-0000100;Crêt-Rouge;76320;St-Amour;76320
2013-SU-Semaine-50-0000100;St-Amour;76320;Clair-Matin;76380
2013-SU-Semaine-50-0000100;Clair-Matin;76380;Grange-la-Ville;76380
2013-SU-Semaine-50-0000100;Grange-la-Ville;76380;Mollie-Margot;76500
2013-SU-Semaine-50-0000100;Mollie-Margot;76500;Talliaz;76500
2013-SU-Semaine-50-0000100;Talliaz;76500;Bourg-Pilettes;76560
2013-SU-Semaine-50-0000100;Bourg-Pilettes;76560;Grenet;76620
2013-SU-Semaine-50-0000100;Grenet;76620;Chemin Rochettaz;76620
2013-SU-Semaine-50-0000100;Chemin Rochettaz;76620;Les Confréries;76680
2013-SU-Semaine-50-0000100;Les Confréries;76680;Forel;76800
2013-SU-Semaine-50-0000100;Forel;76800;Casard;76860
2013-SU-Semaine-50-0000100;Casard;76860;Essertes Pralet;76920
2013-SU-Semaine-50-0000100;Essertes Pralet;76920;Clos l'Auberge;76980
2013-SU-Semaine-50-0000100;Clos l'Auberge;76980;Servion-Poste;77100
2013-SU-Semaine-50-1111000;Mézières-Station;87600;Mézières-Village;87660
2013-SU-Semaine-50-1111000;Mézières-Village;87660;Croix d'Or;87660
2013-SU-Semaine-50-1111000;Croix d'Or;87660;Ecorcheboeuf;87720
2013-SU-Semaine-50-1111000;Ecorcheboeuf;87720;Ropraz-Ussières;87720
2013-SU-Semaine-50-1111000;Ropraz-Ussières;87720;Home du Jorat;87840
2013-SU-Semaine-50-1111000;Home du Jorat;87840;Corcelles-Jorat;87900
2013-SU-Semaine-50-1111000;Corcelles-Jorat;87900;Montpreveyres;88020
2013-SU-Semaine-50-1111000;Montpreveyres;88020;Balances;88020
2013-SU-Semaine-50-1111000;Balances;88020;Riau-Graubon;88080
2013-SU-Semaine-50-1111000;Riau-Graubon;88080;Ste-Catherine;88140
2013-SU-Semaine-50-1111000;Ste-Catherine;88140;Chalet-Fontaine;88200
2013-SU-Semaine-50-1111000;Chalet-Fontaine;88200;Chalet-à-Gobet;88260
2013-SU-Semaine-50-1111000;Chalet-à-Gobet;88260;Vert-Bois;88260
2013-SU-Semaine-50-1111000;Vert-Bois;88260;En Marin;88320
2013-SU-Semaine-50-1111000;En Marin;88320;Lion d'Or;88320
2013-SU-Semaine-50-1111000;Lion d'Or;88320;Croisettes;88560
2013-SU-Semaine-50-0000100;Lausanne-Flon;74460;Rôtillon;74520
2013-SU-Semaine-50-0000100;Rôtillon;74520;Bessières;74580
2013-SU-Semaine-50-0000100;Bessières;74580;Place du Nord;74700
2013-SU-Semaine-50-0000100;Place du Nord;74700;Tunnel;74760
2013-SU-Semaine-50-0000100;Tunnel;74760;Mémise;74760
2013-SU-Semaine-50-0000100;Mémise;74760;Grande-Borde;74820
2013-SU-Semaine-50-0000100;Grande-Borde;74820;Vieux-Moulin;74880
2013-SU-Semaine-50-0000100;Vieux-Moulin;74880;Rouvraie;74940
2013-SU-Semaine-50-0000100;Rouvraie;74940;Motte;74940
2013-SU-Semaine-50-0000100;Motte;74940;Forêt;75000
2013-SU-Semaine-50-0000100;Forêt;75000;Bellevaux;75120
2013-SU-Semaine-50-0000100;Bellevaux;75120;Grangette;75120
2013-SU-Semaine-50-0000100;Grangette;75120;Rionzi;75120
2013-SU-Semaine-50-0000100;Rionzi;75120;Martines;75180
2013-SU-Semaine-50-0000100;Martines;75180;Côtes;75240
2013-SU-Semaine-50-0000100;Côtes;75240;Petit-Mont;75300
2013-SU-Semaine-50-0000100;Petit-Mont;75300;Coppoz-Poste;75300
2013-SU-Semaine-50-0000100;Coppoz-Poste;75300;Coppoz;75360
2013-SU-Semaine-50-0000100;Coppoz;75360;Grand-Mont;75480
2013-SU-Semaine-50-0000100;Grand-Mont;75480;Etavez;75480
2013-SU-Semaine-50-0000100;Etavez;75480;Fougères;75540
2013-SU-Semaine-50-0000100;Fougères;75540;Budron;75600
2013-SU-Semaine-50-0000100;Budron;75600;Cavenette;75660
2013-SU-Semaine-50-0000100;Cavenette;75660;Cugy-Poste;75720
2013-SU-Semaine-50-0000100;Cugy-Poste;75720;Cugy;75840
2013-SU-Semaine-50-0000100;Cugy;75840;Cugy;75900
2013-SU-Semaine-50-0000100;Closalet;78060;Mongevon;78120
2013-SU-Semaine-50-0000100;Mongevon;78120;Marcolet;78240
2013-SU-Semaine-50-0000100;Marcolet;78240;Zinguerie;78300
2013-SU-Semaine-50-0000100;Zinguerie;78300;Jura;78360
2013-SU-Semaine-50-0000100;Jura;78360;Renens-Gare nord;78480
2013-SU-Semaine-50-1111000;Cugy;84180;Cugy;84300
2013-SU-Semaine-50-1111000;Cugy;84300;Cugy-Poste;84360
2013-SU-Semaine-50-1111000;Cugy-Poste;84360;Cavenette;84360
2013-SU-Semaine-50-1111000;Cavenette;84360;Budron;84480
2013-SU-Semaine-50-1111000;Budron;84480;Fougères;84480
2013-SU-Semaine-50-1111000;Fougères;84480;Etavez;84540
2013-SU-Semaine-50-1111000;Etavez;84540;Grand-Mont;84600
2013-SU-Semaine-50-1111000;Grand-Mont;84600;Coppoz;84600
2013-SU-Semaine-50-1111000;Coppoz;84600;Coppoz-Poste;84660
2013-SU-Semaine-50-1111000;Coppoz-Poste;84660;Petit-Mont;84720
2013-SU-Semaine-50-1111000;Petit-Mont;84720;Côtes;84720
2013-SU-Semaine-50-1111000;Côtes;84720;Martines;84780
2013-SU-Semaine-50-1111000;Martines;84780;Rionzi;84840
2013-SU-Semaine-50-1111000;Rionzi;84840;Grangette;84840
2013-SU-Semaine-50-1111000;Grangette;84840;Bellevaux;84900
2013-SU-Semaine-50-1111000;Bellevaux;84900;Forêt;84900
2013-SU-Semaine-50-1111000;Forêt;84900;Motte;84960
2013-SU-Semaine-50-1111000;Motte;84960;Vieux-Moulin;85020
2013-SU-Semaine-50-1111000;Vieux-Moulin;85020;Grande-Borde;85020
2013-SU-Semaine-50-1111000;Grande-Borde;85020;Mémise;85080
2013-SU-Semaine-50-1111000;Mémise;85080;Tunnel;85140
2013-SU-Semaine-50-1111000;Tunnel;85140;Place du Nord;85200
2013-SU-Semaine-50-1111000;Place du Nord;85200;Bessières;85260
2013-SU-Semaine-50-1111000;Bessières;85260;Rôtillon;85320
2013-SU-Semaine-50-1111000;Rôtillon;85320;Lausanne-Flon;85440
2013-SU-Semaine-50-0000100;Renens-Gare nord;73260;Jura;73380
2013-SU-Semaine-50-0000100;Jura;73380;Zinguerie;73380
2013-SU-Semaine-50-0000100;Zinguerie;73380;Marcolet;73500
2013-SU-Semaine-50-0000100;Marcolet;73500;Mongevon;73560
2013-SU-Semaine-50-0000100;Mongevon;73560;Closalet;73740
2013-SU-Semaine-50-1111000;Servion-Poste;80940;Grange Rouge;80940
2013-SU-Semaine-50-1111000;Grange Rouge;80940;Clos l'Auberge;80940
2013-SU-Semaine-50-1111000;Clos l'Auberge;80940;Essertes Pralet;81060
2013-SU-Semaine-50-1111000;Essertes Pralet;81060;Casard;81060
2013-SU-Semaine-50-1111000;Casard;81060;Forel;81300
2013-SU-Semaine-50-1111000;Forel;81300;Les Confréries;81300
2013-SU-Semaine-50-1111000;Les Confréries;81300;Chemin Rochettaz;81360
2013-SU-Semaine-50-1111000;Chemin Rochettaz;81360;Grenet;81360
2013-SU-Semaine-50-1111000;Grenet;81360;Bourg-Pilettes;81420
2013-SU-Semaine-50-1111000;Bourg-Pilettes;81420;Talliaz;81420
2013-SU-Semaine-50-1111000;Talliaz;81420;Mollie-Margot;81540
2013-SU-Semaine-50-1111000;Mollie-Margot;81540;Grange-la-Ville;81540
2013-SU-Semaine-50-1111000;Grange-la-Ville;81540;Clair-Matin;81600
2013-SU-Semaine-50-1111000;Clair-Matin;81600;St-Amour;81600
2013-SU-Semaine-50-1111000;St-Amour;81600;Crêt-Rouge;81660
2013-SU-Semaine-50-1111000;Crêt-Rouge;81660;Palaz;81720
2013-SU-Semaine-50-1111000;Palaz;81720;Savigny;81840
2013-SU-Semaine-50-1111000;Savigny;81840;Ancienne Poste;81840
2013-SU-Semaine-50-1111000;Ancienne Poste;81840;Publoz;81900
2013-SU-Semaine-50-1111000;Publoz;81900;Claie-Moines;82020
2013-SU-Semaine-50-1111000;Claie-Moines;82020;Ravessoud;82020
2013-SU-Semaine-50-1111000;Ravessoud;82020;Monts-de-Pully;82080
2013-SU-Semaine-50-1111000;Monts-de-Pully;82080;Trois Chasseurs;82080
2013-SU-Semaine-50-1111000;Trois Chasseurs;82080;Montblesson;82140
2013-SU-Semaine-50-1111000;Montblesson;82140;Rovéréaz;82200
2013-SU-Semaine-50-1111000;Rovéréaz;82200;Foyer;82320
2013-SU-Semaine-50-1111000;Foyer;82320;Valmont;82320
2013-SU-Semaine-50-1111000;Valmont;82320;St-Etienne;82440
2013-SU-Semaine-50-1111000;St-Etienne;82440;Sallaz;82560
2013-SU-Semaine-50-0000100;Sallaz;89760;CHUV;89940
2013-SU-Semaine-50-0000100;CHUV;89940;Place du Nord;90120
2013-SU-Semaine-50-0000100;Place du Nord;90120;Tunnel;90120
2013-SU-Semaine-50-0000100;Servion-Poste;80940;Grange Rouge;80940
2013-SU-Semaine-50-0000100;Grange Rouge;80940;Clos l'Auberge;80940
2013-SU-Semaine-50-0000100;Clos l'Auberge;80940;Essertes Pralet;81060
2013-SU-Semaine-50-0000100;Essertes Pralet;81060;Casard;81060
2013-SU-Semaine-50-0000100;Casard;81060;Forel;81300
2013-SU-Semaine-50-0000100;Forel;81300;Les Confréries;81300
2013-SU-Semaine-50-0000100;Les Confréries;81300;Chemin Rochettaz;81360
2013-SU-Semaine-50-0000100;Chemin Rochettaz;81360;Grenet;81360
2013-SU-Semaine-50-0000100;Grenet;81360;Bourg-Pilettes;81420
2013-SU-Semaine-50-0000100;Bourg-Pilettes;81420;Talliaz;81420
2013-SU-Semaine-50-0000100;Talliaz;81420;Mollie-Margot;81540
2013-SU-Semaine-50-0000100;Mollie-Margot;81540;Grange-la-Ville;81540
2013-SU-Semaine-50-0000100;Grange-la-Ville;81540;Clair-Matin;81600
2013-SU-Semaine-50-0000100;Clair-Matin;81600;St-Amour;81600
2013-SU-Semaine-50-0000100;St-Amour;81600;Crêt-Rouge;81660
2013-SU-Semaine-50-0000100;Crêt-Rouge;81660;Palaz;81720
2013-SU-Semaine-50-0000100;Palaz;81720;Savigny;81840
2013-SU-Semaine-50-0000100;Savigny;81840;Ancienne Poste;81840
2013-SU-Semaine-50-0000100;Ancienne Poste;81840;Publoz;81900
2013-SU-Semaine-50-0000100;Publoz;81900;Claie-Moines;82020
2013-SU-Semaine-50-0000100;Claie-Moines;82020;Ravessoud;82020
2013-SU-Semaine-50-0000100;Ravessoud;82020;Monts-de-Pully;82080
2013-SU-Semaine-50-0000100;Monts-de-Pully;82080;Trois Chasseurs;82080
2013-SU-Semaine-50-0000100;Trois Chasseurs;82080;Montblesson;82140
2013-SU-Semaine-50-0000100;Montblesson;82140;Rovéréaz;82200
2013-SU-Semaine-50-0000100;Rovéréaz;82200;Foyer;82320
2013-SU-Semaine-50-0000100;Foyer;82320;Valmont;82320
2013-SU-Semaine-50-0000100;Valmont;82320;St-Etienne;82440
2013-SU-Semaine-50-0000100;St-Etienne;82440;Sallaz;82560
2013-SU-Semaine-50-1111000;Servion-Poste;84540;Grange Rouge;84540
2013-SU-Semaine-50-1111000;Grange Rouge;84540;Clos l'Auberge;84540
2013-SU-Semaine-50-1111000;Clos l'Auberge;84540;Essertes Pralet;84660
2013-SU-Semaine-50-1111000;Essertes Pralet;84660;Casard;84660
2013-SU-Semaine-50-1111000;Casard;84660;Forel;84900
2013-SU-Semaine-50-1111000;Forel;84900;Les Confréries;84900
2013-SU-Semaine-50-1111000;Les Confréries;84900;Chemin Rochettaz;84960
2013-SU-Semaine-50-1111000;Chemin Rochettaz;84960;Grenet;84960
2013-SU-Semaine-50-1111000;Grenet;84960;Bourg-Pilettes;85020
2013-SU-Semaine-50-1111000;Bourg-Pilettes;85020;Talliaz;85020
2013-SU-Semaine-50-1111000;Talliaz;85020;Mollie-Margot;85140
2013-SU-Semaine-50-1111000;Mollie-Margot;85140;Grange-la-Ville;85140
2013-SU-Semaine-50-1111000;Grange-la-Ville;85140;Clair-Matin;85200
2013-SU-Semaine-50-1111000;Clair-Matin;85200;St-Amour;85200
2013-SU-Semaine-50-1111000;St-Amour;85200;Crêt-Rouge;85260
2013-SU-Semaine-50-1111000;Crêt-Rouge;85260;Palaz;85320
2013-SU-Semaine-50-1111000;Palaz;85320;Savigny;85440
2013-SU-Semaine-50-1111000;Savigny;85440;Ancienne Poste;85440
2013-SU-Semaine-50-1111000;Ancienne Poste;85440;Publoz;85500
2013-SU-Semaine-50-1111000;Publoz;85500;Claie-Moines;85620
2013-SU-Semaine-50-1111000;Claie-Moines;85620;Ravessoud;85620
2013-SU-Semaine-50-1111000;Ravessoud;85620;Monts-de-Pully;85680
2013-SU-Semaine-50-1111000;Monts-de-Pully;85680;Trois Chasseurs;85680
2013-SU-Semaine-50-1111000;Trois Chasseurs;85680;Montblesson;85740
2013-SU-Semaine-50-1111000;Montblesson;85740;Rovéréaz;85800
2013-SU-Semaine-50-1111000;Rovéréaz;85800;Foyer;85920
2013-SU-Semaine-50-1111000;Foyer;85920;Valmont;85920
2013-SU-Semaine-50-1111000;Valmont;85920;St-Etienne;86040
2013-SU-Semaine-50-1111000;St-Etienne;86040;Sallaz;86160
2013-SU-Semaine-50-1111000;Cugy;76140;Cugy;76260
2013-SU-Semaine-50-1111000;Cugy;76260;Cugy-Poste;76320
2013-SU-Semaine-50-1111000;Cugy-Poste;76320;Cavenette;76320
2013-SU-Semaine-50-1111000;Cavenette;76320;Budron;76440
2013-SU-Semaine-50-1111000;Budron;76440;Fougères;76440
2013-SU-Semaine-50-1111000;Fougères;76440;Etavez;76500
2013-SU-Semaine-50-1111000;Etavez;76500;Grand-Mont;76560
2013-SU-Semaine-50-1111000;Grand-Mont;76560;Coppoz;76560
2013-SU-Semaine-50-1111000;Coppoz;76560;Coppoz-Poste;76620
2013-SU-Semaine-50-1111000;Coppoz-Poste;76620;Petit-Mont;76680
2013-SU-Semaine-50-1111000;Petit-Mont;76680;Côtes;76680
2013-SU-Semaine-50-1111000;Côtes;76680;Martines;76740
2013-SU-Semaine-50-1111000;Martines;76740;Rionzi;76800
2013-SU-Semaine-50-1111000;Rionzi;76800;Grangette;76800
2013-SU-Semaine-50-1111000;Grangette;76800;Bellevaux;76860
2013-SU-Semaine-50-1111000;Bellevaux;76860;Forêt;76860
2013-SU-Semaine-50-1111000;Forêt;76860;Motte;76920
2013-SU-Semaine-50-1111000;Motte;76920;Vieux-Moulin;76980
2013-SU-Semaine-50-1111000;Vieux-Moulin;76980;Grande-Borde;76980
2013-SU-Semaine-50-1111000;Grande-Borde;76980;Mémise;77040
2013-SU-Semaine-50-1111000;Mémise;77040;Tunnel;77100
2013-SU-Semaine-50-1111000;Tunnel;77100;Place du Nord;77160
2013-SU-Semaine-50-1111000;Place du Nord;77160;Bessières;77220
2013-SU-Semaine-50-1111000;Bessières;77220;Rôtillon;77280
2013-SU-Semaine-50-1111000;Rôtillon;77280;Lausanne-Flon;77400
